date,rainfall,pot_evap
1990-01-31,0,0.007
1990-02-01,0,0.0056
1990-02-02,0,0.0086
1990-02-03,0,0.0096
1990-02-04,0,0.0114
1990-02-05,0,0.0078
1990-02-06,0,0.0076
1990-02-07,0,0.006
1990-02-08,0,0.0064
1990-02-09,0,0.0074
1990-02-10,0,0.0096
1990-02-11,0,0.0083
1990-02-12,0,0.0076
1990-02-13,0,0.0057
1990-02-14,0,0.0094
1990-02-15,0.0104,0.007
1990-02-16,0.0009,0.0048
1990-02-17,0,0.0092
1990-02-18,0,0.004
1990-02-19,0,0.0054
1990-02-20,0,0.0076
1990-02-21,0,0.0048
1990-02-22,0,0.0064
1990-02-23,0,0.006
1990-02-24,0,0.0052
1990-02-25,0.0002,0.006
1990-02-26,0.0056,0.0026
1990-02-27,0.0012,0.0046
1990-02-28,0.0008,0.0026
1990-03-01,0.002,0.0076
1990-03-02,0,0.004
1990-03-03,0.0008,0.0034
1990-03-04,0.0102,0.004
1990-03-05,0.0002,0.0042
1990-03-06,0.0002,0.0022
1990-03-07,0,0.0116
1990-03-08,0,0.0076
1990-03-09,0,0.006
1990-03-10,0,0.0076
1990-03-11,0,0.0052
1990-03-12,0,0.0078
1990-03-13,0,0.0052
1990-03-14,0,0.0056
1990-03-15,0,0.0074
1990-03-16,0,0.006
1990-03-17,0,0.0042
1990-03-18,0,0.0052
1990-03-19,0,0.0078
1990-03-20,0,0.0056
1990-03-21,0,0.0038
1990-03-22,0,0.0074
1990-03-23,0,0.0042
1990-03-24,0.0004,0.0014
1990-03-25,0.0042,0.0028
1990-03-26,0.0148,0.0048
1990-03-27,0.0262,0.0026
1990-03-28,0.0056,0.0044
1990-03-29,0.0036,0.0032
1990-03-30,0,0.004
1990-03-31,0,0.0044
1990-04-01,0.0002,0.0052
1990-04-02,0.021,0.0024
1990-04-03,0.0044,0.0024
1990-04-04,0.0132,0.0022
1990-04-05,0.0004,0.002
1990-04-06,0.0114,0.0009
1990-04-07,0.0009,0.0032
1990-04-08,0.01,0.0054
1990-04-09,0.007,0.0038
1990-04-10,0,0.0038
1990-04-11,0,0.0022
1990-04-12,0,0.0018
1990-04-13,0.0002,0.0038
1990-04-14,0,0.0036
1990-04-15,0,0.0026
1990-04-16,0.003,0.0038
1990-04-17,0.028,0.0018
1990-04-18,0.004,0.0014
1990-04-19,0.008,0.0022
1990-04-20,0.002,0.0022
1990-04-21,0.0318,0.0018
1990-04-22,0.0026,0.0018
1990-04-23,0,0.0042
1990-04-24,0,0.0034
1990-04-25,0,0.0028
1990-04-26,0,0.0038
1990-04-27,0,0.0036
1990-04-28,0,0.0034
1990-04-29,0,0.0024
1990-04-30,0,0.0038
1990-05-01,0,0.002
1990-05-02,0,0.003
1990-05-03,0,0.0018
1990-05-04,0,0.002
1990-05-05,0,0.0018
1990-05-06,0,0.0018
1990-05-07,0,0.0012
1990-05-08,0,0.002
1990-05-09,0,0.001
1990-05-10,0.0004,0.0036
1990-05-11,0,0.0022
1990-05-12,0,0.003
1990-05-13,0.0008,0.0018
1990-05-14,0,0.0038
1990-05-15,0,0.0012
1990-05-16,0,0.002
1990-05-17,0.0004,0.0012
1990-05-18,0.0002,0.0016
1990-05-19,0.009,0.0025
1990-05-20,0,0.0018
1990-05-21,0,0.0022
1990-05-22,0.0004,0.0036
1990-05-23,0.0432,0.0022
1990-05-24,0.002,0.0032
1990-05-25,0,0.001
1990-05-26,0,0.0024
1990-05-27,0.0132,0.0014
1990-05-28,0.012,0.0016
1990-05-29,0,0.002
1990-05-30,0,0.001
1990-05-31,0,0.0012
1990-06-01,0,0.0026
1990-06-02,0,0.0036
1990-06-03,0,0.0022
1990-06-04,0,0.0018
1990-06-05,0,0.003
1990-06-06,0.0142,0.0006
1990-06-07,0.0096,0.002
1990-06-08,0.0022,0.0014
1990-06-09,0.0012,0.001
1990-06-10,0,0.0018
1990-06-11,0,0.001
1990-06-12,0,0.0004
1990-06-13,0,0.0006
1990-06-14,0.0004,0.001
1990-06-15,0,0.002
1990-06-16,0,0.001
1990-06-17,0,0.0028
1990-06-18,0.0104,0.0036
1990-06-19,0.0002,0.002
1990-06-20,0,0.0018
1990-06-21,0,0.0018
1990-06-22,0,0.0014
1990-06-23,0,0.0016
1990-06-24,0,0.0012
1990-06-25,0,0.0018
1990-06-26,0.0002,0.0014
1990-06-27,0,0.003
1990-06-28,0,0.002
1990-06-29,0,0.0006
1990-06-30,0,0.0012
1990-07-01,0,0.0011
1990-07-02,0,0.0023
1990-07-03,0,0.0022
1990-07-04,0,0.0018
1990-07-05,0,0.0008
1990-07-06,0,0.002
1990-07-07,0,0.0016
1990-07-08,0,0.0013
1990-07-09,0,0.0008
1990-07-10,0,0.0016
1990-07-11,0,0.0012
1990-07-12,0,0.0014
1990-07-13,0,0.0014
1990-07-14,0,0.0018
1990-07-15,0,0.0018
1990-07-16,0,0.0014
1990-07-17,0,0.0015
1990-07-18,0,0.0022
1990-07-19,0,0.0024
1990-07-20,0,0.0017
1990-07-21,0,0.0017
1990-07-22,0,0.0011
1990-07-23,0,0.0012
1990-07-24,0,0.0019
1990-07-25,0,0.0016
1990-07-26,0,0.0018
1990-07-27,0,0.0026
1990-07-28,0.0006,0.003
1990-07-29,0,0.0012
1990-07-30,0.004,0.0012
1990-07-31,0.0008,0.0014
1990-08-01,0,0.0022
1990-08-02,0.0008,0.002
1990-08-03,0,0.0026
1990-08-04,0,0.0026
1990-08-05,0,0.0026
1990-08-06,0,0.004
1990-08-07,0,0.003
1990-08-08,0,0.002
1990-08-09,0,0.0026
1990-08-10,0,0.004
1990-08-11,0,0.0024
1990-08-12,0,0.0024
1990-08-13,0,0.0028
1990-08-14,0,0.0014
1990-08-15,0,0.006
1990-08-16,0,0.005
1990-08-17,0,0.0038
1990-08-18,0,0.0031
1990-08-19,0,0.0026
1990-08-20,0,0.0024
1990-08-21,0,0.0042
1990-08-22,0,0.004
1990-08-23,0,0.0057
1990-08-24,0,0.0034
1990-08-25,0,0.0014
1990-08-26,0,0.0048
1990-08-27,0,0.0032
1990-08-28,0,0.0034
1990-08-29,0,0.003
1990-08-30,0,0.003
1990-08-31,0,0.0025
1990-09-01,0,0.0019
1990-09-02,0,0.0034
1990-09-03,0,0.0056
1990-09-04,0,0.0048
1990-09-05,0,0.003
1990-09-06,0,0.003
1990-09-07,0,0.0039
1990-09-08,0,0.004
1990-09-09,0,0.003
1990-09-10,0,0.0032
1990-09-11,0,0.0026
1990-09-12,0,0.0046
1990-09-13,0.0032,0.004
1990-09-14,0,0.0046
1990-09-15,0,0.0026
1990-09-16,0,0.0048
1990-09-17,0,0.0046
1990-09-18,0,0.0034
1990-09-19,0,0.004
1990-09-20,0,0.0046
1990-09-21,0,0.004
1990-09-22,0,0.0044
1990-09-23,0,0.0048
1990-09-24,0,0.0046
1990-09-25,0,0.0076
1990-09-26,0,0.0058
1990-09-27,0,0.0038
1990-09-28,0.0004,0.0044
1990-09-29,0,0.0041
1990-09-30,0,0.0046
1990-10-01,0,0.0046
1990-10-02,0,0.0048
1990-10-03,0,0.0058
1990-10-04,0,0.0044
1990-10-05,0,0.0054
1990-10-06,0,0.0074
1990-10-07,0,0.006
1990-10-08,0,0.0024
1990-10-09,0.0042,0.003
1990-10-10,0.0002,0.0058
1990-10-11,0,0.0046
1990-10-12,0,0.0082
1990-10-13,0,0.0066
1990-10-14,0,0.006
1990-10-15,0,0.007
1990-10-16,0,0.0054
1990-10-17,0.001,0.0056
1990-10-18,0,0.0062
1990-10-19,0,0.0058
1990-10-20,0.0012,0.0028
1990-10-21,0.0008,0.006
1990-10-22,0,0.016
1990-10-23,0,0.0064
1990-10-24,0,0.007
1990-10-25,0,0.007
1990-10-26,0,0.0063
1990-10-27,0,0.0068
1990-10-28,0,0.008
1990-10-29,0,0.008
1990-10-30,0,0.007
1990-10-31,0,0.006
1990-11-01,0,0.008
1990-11-02,0,0.007
1990-11-03,0.007,0.0056
1990-11-04,0.0076,0.0074
1990-11-05,0.0128,0.0064
1990-11-06,0,0.006
1990-11-07,0,0.0074
1990-11-08,0,0.005
1990-11-09,0,0.005
1990-11-10,0,0.0084
1990-11-11,0,0.0092
1990-11-12,0,0.009
1990-11-13,0,0.0066
1990-11-14,0,0.008
1990-11-15,0,0.0078
1990-11-16,0,0.0058
1990-11-17,0,0.0096
1990-11-18,0,0.0124
1990-11-19,0,0.008
1990-11-20,0,0.0066
1990-11-21,0,0.0078
1990-11-22,0,0.007
1990-11-23,0,0.008
1990-11-24,0,0.001
1990-11-25,0,0.008
1990-11-26,0,0.0074
1990-11-27,0,0.0024
1990-11-28,0.0038,0.0068
1990-11-29,0,0.008
1990-11-30,0,0.005
1990-12-01,0,0.0078
1990-12-02,0,0.008
1990-12-03,0,0.0078
1990-12-04,0.0036,0.0064
1990-12-05,0.0374,0.0038
1990-12-06,0,0.0074
1990-12-07,0,0.0064
1990-12-08,0,0.007
1990-12-09,0,0.0086
1990-12-10,0,0.0044
1990-12-11,0,0.009
1990-12-12,0,0.006
1990-12-13,0,0.0036
1990-12-14,0,0.0032
1990-12-15,0,0.0064
1990-12-16,0,0.008
1990-12-17,0,0.011
1990-12-18,0,0.008
1990-12-19,0,0.012
1990-12-20,0,0.005
1990-12-21,0,0.008
1990-12-22,0,0.0092
1990-12-23,0,0.0099
1990-12-24,0,0.0082
1990-12-25,0.0257,0.0034
1990-12-26,0,0.0048
1990-12-27,0.0025,0.002
1990-12-28,0.0031,0.0029
1990-12-29,0.0337,0.0016
1990-12-30,0.0067,0.0019
1990-12-31,0.0019,0.004
1991-01-01,0,0.0054
1991-01-02,0.0014,0.0029
1991-01-03,0.0085,0.0004
1991-01-04,0.0014,0.0024
1991-01-05,0.0384,0.0092
1991-01-06,0.0092,0.003
1991-01-07,0.0274,0.0104
1991-01-08,0,0.004
1991-01-09,0,0.0046
1991-01-10,0,0.008
1991-01-11,0,0.0054
1991-01-12,0,0.0056
1991-01-13,0,0.0078
1991-01-14,0,0.004
1991-01-15,0,0.007
1991-01-16,0,0.0018
1991-01-17,0,0.0068
1991-01-18,0,0.0048
1991-01-19,0,0.006
1991-01-20,0.0003,0.0048
1991-01-21,0,0.0092
1991-01-22,0,0.008
1991-01-23,0,0.004
1991-01-24,0,0.008
1991-01-25,0,0.0071
1991-01-26,0,0.0075
1991-01-27,0,0.0039
1991-01-28,0.002,0.004
1991-01-29,0,0.008
1991-01-30,0,0.007
1991-01-31,0.001,0.0021
1991-02-01,0.0005,0.0052
1991-02-02,0,0.0028
1991-02-03,0.0002,0.004
1991-02-04,0,0.008
1991-02-05,0,0.004
1991-02-06,0,0.0027
1991-02-07,0.0055,0.0041
1991-02-08,0.0063,0.0044
1991-02-09,0.0388,0.0026
1991-02-10,0.0116,0.008
1991-02-11,0,0.0044
1991-02-12,0,0.007
1991-02-13,0,0.005
1991-02-14,0,0.0058
1991-02-15,0,0.0046
1991-02-16,0,0.007
1991-02-17,0,0.0078
1991-02-18,0.0014,0.0054
1991-02-19,0,0.008
1991-02-20,0,0.008
1991-02-21,0,0.004
1991-02-22,0,0.005
1991-02-23,0,0.007
1991-02-24,0,0.006
1991-02-25,0,0.0062
1991-02-26,0.0002,0.0078
1991-02-27,0,0.0046
1991-02-28,0,0.008
1991-03-01,0,0.0056
1991-03-02,0,0.008
1991-03-03,0,0.0043
1991-03-04,0.0001,0.0034
1991-03-05,0,0.0041
1991-03-06,0,0.0068
1991-03-07,0,0.0068
1991-03-08,0,0.0062
1991-03-09,0,0.0016
1991-03-10,0.0016,0.0009
1991-03-11,0.0006,0.004
1991-03-12,0,0.0068
1991-03-13,0,0.0052
1991-03-14,0,0.0066
1991-03-15,0,0.0058
1991-03-16,0,0.0054
1991-03-17,0,0.007
1991-03-18,0,0.0066
1991-03-19,0,0.0056
1991-03-20,0,0.006
1991-03-21,0,0.0058
1991-03-22,0,0.0062
1991-03-23,0,0.0066
1991-03-24,0,0.0052
1991-03-25,0,0.004
1991-03-26,0,0.0052
1991-03-27,0,0.0056
1991-03-28,0.0016,0.011
1991-03-29,0.023,0.0056
1991-03-30,0,0.0054
1991-03-31,0.0056,0.0026
1991-04-01,0,0.0024
1991-04-02,0,0.004
1991-04-03,0,0.0042
1991-04-04,0,0.004
1991-04-05,0,0.0042
1991-04-06,0,0.004
1991-04-07,0,0.004
1991-04-08,0,0.0035
1991-04-09,0,0.0026
1991-04-10,0,0.0008
1991-04-11,0.0022,0.0036
1991-04-12,0,0.0036
1991-04-13,0,0.0034
1991-04-14,0,0.0036
1991-04-15,0,0.0023
1991-04-16,0,0.004
1991-04-17,0,0.0046
1991-04-18,0,0.004
1991-04-19,0,0.0032
1991-04-20,0,0.0036
1991-04-21,0,0.004
1991-04-22,0,0.0029
1991-04-23,0,0.003
1991-04-24,0,0.0038
1991-04-25,0,0.0047
1991-04-26,0.0014,0.004
1991-04-27,0,0.004
1991-04-28,0,0.0033
1991-04-29,0,0.0027
1991-04-30,0,0.0013
1991-05-01,0.0008,0.0022
1991-05-02,0,0.0029
1991-05-03,0,0.0044
1991-05-04,0.0172,0.002
1991-05-05,0,0.0032
1991-05-06,0,0.0019
1991-05-07,0,0.0003
1991-05-08,0,0.0024
1991-05-09,0,0.0023
1991-05-10,0,0.0024
1991-05-11,0,0.002
1991-05-12,0,0.0032
1991-05-13,0,0.0022
1991-05-14,0,0.0029
1991-05-15,0.0077,0.0026
1991-05-16,0.0066,0.0022
1991-05-17,0.0001,0.0003
1991-05-18,0,0.0011
1991-05-19,0,0.0036
1991-05-20,0.0076,0.0024
1991-05-21,0.0008,0.0016
1991-05-22,0,0.0012
1991-05-23,0,0.0017
1991-05-24,0.0017,0.0016
1991-05-25,0.0048,0.002
1991-05-26,0,0.0015
1991-05-27,0,0.0015
1991-05-28,0,0.0022
1991-05-29,0,0.0015
1991-05-30,0,0.002
1991-05-31,0,0.0016
1991-06-01,0,0.0038
1991-06-02,0,0.0023
1991-06-03,0,0.0018
1991-06-04,0,0.0026
1991-06-05,0.0005,0.0026
1991-06-06,0.0199,0.001
1991-06-07,0,0.0024
1991-06-08,0,0.0016
1991-06-09,0,0.0014
1991-06-10,0,0.002
1991-06-11,0,0.0015
1991-06-12,0,0.0022
1991-06-13,0,0.002
1991-06-14,0,0.0019
1991-06-15,0,0.0018
1991-06-16,0,0.0013
1991-06-17,0,0.0025
1991-06-18,0,0.0016
1991-06-19,0,0.0009
1991-06-20,0,0.0003
1991-06-21,0.003,0.0008
1991-06-22,0.004,0.0026
1991-06-23,0,0.002
1991-06-24,0,0.0022
1991-06-25,0,0.0016
1991-06-26,0,0.0017
1991-06-27,0,0.0016
1991-06-28,0,0.0011
1991-06-29,0,0.0017
1991-06-30,0,0.0029
1991-07-01,0,0.0016
1991-07-02,0,0.0012
1991-07-03,0,0.0018
1991-07-04,0,0.0029
1991-07-05,0,0.001
1991-07-06,0,0.0013
1991-07-07,0,0.002
1991-07-08,0,0
1991-07-09,0.001,0.002
1991-07-10,0.0146,0.0026
1991-07-11,0,0.0029
1991-07-12,0,0.0022
1991-07-13,0,0.0016
1991-07-14,0,0.0026
1991-07-15,0,0.0018
1991-07-16,0,0.002
1991-07-17,0,0.0016
1991-07-18,0,0.0016
1991-07-19,0,0.0019
1991-07-20,0,0.0022
1991-07-21,0,0.0019
1991-07-22,0,0.0027
1991-07-23,0.0018,0.0039
1991-07-24,0,0.0024
1991-07-25,0,0.0026
1991-07-26,0,0.0016
1991-07-27,0,0.0017
1991-07-28,0,0.0025
1991-07-29,0,0.0026
1991-07-30,0,0.0029
1991-07-31,0,0.0021
1991-08-01,0,0.0032
1991-08-02,0,0.0022
1991-08-03,0,0.0018
1991-08-04,0,0.0032
1991-08-05,0,0.0019
1991-08-06,0,0.0028
1991-08-07,0,0.0029
1991-08-08,0,0.0036
1991-08-09,0,0.0035
1991-08-10,0,0.0028
1991-08-11,0,0.0018
1991-08-12,0,0.0034
1991-08-13,0,0.0025
1991-08-14,0,0.003
1991-08-15,0,0.003
1991-08-16,0,0.004
1991-08-17,0,0.0029
1991-08-18,0,0.0022
1991-08-19,0,0.0025
1991-08-20,0,0.003
1991-08-21,0,0.0042
1991-08-22,0,0.0037
1991-08-23,0,0.0026
1991-08-24,0,0.0062
1991-08-25,0,0.0043
1991-08-26,0,0.002
1991-08-27,0,0.003
1991-08-28,0,0.0036
1991-08-29,0,0.0032
1991-08-30,0,0.0051
1991-08-31,0,0.0052
1991-09-01,0,0.0039
1991-09-02,0,0.0034
1991-09-03,0,0.0043
1991-09-04,0,0.0032
1991-09-05,0,0.0042
1991-09-06,0,0.004
1991-09-07,0,0.004
1991-09-08,0,0.0039
1991-09-09,0,0.004
1991-09-10,0,0.0062
1991-09-11,0,0.0061
1991-09-12,0,0.006
1991-09-13,0,0.004
1991-09-14,0,0.004
1991-09-15,0,0.005
1991-09-16,0,0.0056
1991-09-17,0,0.0083
1991-09-18,0,0.006
1991-09-19,0,0.0055
1991-09-20,0,0.0051
1991-09-21,0,0.0055
1991-09-22,0,0.0063
1991-09-23,0,0.0052
1991-09-24,0,0.005
1991-09-25,0,0.0049
1991-09-26,0,0.0072
1991-09-27,0,0.0039
1991-09-28,0,0.0066
1991-09-29,0,0.008
1991-09-30,0,0.0062
1991-10-01,0,0.0057
1991-10-02,0,0.0061
1991-10-03,0,0.0069
1991-10-04,0,0.0064
1991-10-05,0,0.0055
1991-10-06,0,0.0063
1991-10-07,0,0.0065
1991-10-08,0,0.0064
1991-10-09,0,0.008
1991-10-10,0,0.0048
1991-10-11,0,0.0054
1991-10-12,0,0.0058
1991-10-13,0,0.0074
1991-10-14,0,0.0064
1991-10-15,0,0.0059
1991-10-16,0,0.0064
1991-10-17,0,0.0091
1991-10-18,0.0387,0.0031
1991-10-19,0,0.006
1991-10-20,0,0.0061
1991-10-21,0,0.0064
1991-10-22,0,0.0071
1991-10-23,0,0.005
1991-10-24,0,0.004
1991-10-25,0.002,0.0024
1991-10-26,0.0014,0.007
1991-10-27,0,0.0103
1991-10-28,0,0.0059
1991-10-29,0,0.0078
1991-10-30,0,0.004
1991-10-31,0,0.0072
1991-11-01,0,0.0064
1991-11-02,0,0.008
1991-11-03,0,0.004
1991-11-04,0,0.0078
1991-11-05,0,0.0069
1991-11-06,0,0.0076
1991-11-07,0,0.0096
1991-11-08,0,0.0088
1991-11-09,0,0.0078
1991-11-10,0,0.007
1991-11-11,0.0006,0.0038
1991-11-12,0.0074,0.0052
1991-11-13,0,0.0043
1991-11-14,0,0.0055
1991-11-15,0.0002,0.0048
1991-11-16,0.0002,0.0022
1991-11-17,0.011,0.0079
1991-11-18,0,0.0058
1991-11-19,0,0.0052
1991-11-20,0,0.008
1991-11-21,0,0.008
1991-11-22,0,0.0021
1991-11-23,0,0.0061
1991-11-24,0,0.0078
1991-11-25,0,0.0048
1991-11-26,0,0.0077
1991-11-27,0,0.0077
1991-11-28,0,0.0051
1991-11-29,0.0004,0.0072
1991-11-30,0.0024,0.0064
1991-12-01,0.0064,0.0123
1991-12-02,0.0403,0.0013
1991-12-03,0.002,0.004
1991-12-04,0,0.0069
1991-12-05,0,0.0087
1991-12-06,0,0.0034
1991-12-07,0.0036,0.004
1991-12-08,0.0154,0.006
1991-12-09,0,0.004
1991-12-10,0,0.0002
1991-12-11,0.003,0.0027
1991-12-12,0.0107,0.0029
1991-12-13,0.0112,0.0074
1991-12-14,0,0.008
1991-12-15,0,0.008
1991-12-16,0,0.0071
1991-12-17,0.0026,0.0078
1991-12-18,0.0043,0.0071
1991-12-19,0,0.008
1991-12-20,0,0.0077
1991-12-21,0,0.0069
1991-12-22,0.013,0.008
1991-12-23,0,0.008
1991-12-24,0,0.0074
1991-12-25,0,0.0076
1991-12-26,0,0.009
1991-12-27,0,0.0076
1991-12-28,0,0.0094
1991-12-29,0,0.008
1991-12-30,0,0.008
1991-12-31,0,0.0102
1992-01-01,0.0193,0.0059
1992-01-02,0,0.0078
1992-01-03,0,0.0076
1992-01-04,0.021,0.0074
1992-01-05,0,0.0076
1992-01-06,0,0.008
1992-01-07,0,0.0086
1992-01-08,0,0.0088
1992-01-09,0,0.008
1992-01-10,0,0.0072
1992-01-11,0,0.0096
1992-01-12,0,0.0094
1992-01-13,0,0.0105
1992-01-14,0,0.0096
1992-01-15,0,0.008
1992-01-16,0,0.008
1992-01-17,0,0.0064
1992-01-18,0.0092,0.0064
1992-01-19,0,0.008
1992-01-20,0,0.008
1992-01-21,0,0.0046
1992-01-22,0,0.008
1992-01-23,0,0.005
1992-01-24,0,0.008
1992-01-25,0,0.008
1992-01-26,0,0.0042
1992-01-27,0.0044,0.0082
1992-01-28,0,0.0101
1992-01-29,0.018,0.0079
1992-01-30,0,0.0061
1992-01-31,0,0.0062
1992-02-01,0,0.0044
1992-02-02,0,0.0027
1992-02-03,0,0.0068
1992-02-04,0,0.0075
1992-02-05,0,0.0056
1992-02-06,0,0.008
1992-02-07,0,0.0074
1992-02-08,0,0.0044
1992-02-09,0.0002,0.0051
1992-02-10,0.0024,0.0065
1992-02-11,0,0.0028
1992-02-12,0.0502,0.0074
1992-02-13,0.0012,0.0041
1992-02-14,0.0114,0.0063
1992-02-15,0,0.0063
1992-02-16,0.0003,0.0062
1992-02-17,0,0.0063
1992-02-18,0,0.0029
1992-02-19,0,0.0068
1992-02-20,0,0.008
1992-02-21,0.0643,0.0014
1992-02-22,0.0095,0.004
1992-02-23,0,0.006
1992-02-24,0.0008,0.004
1992-02-25,0,0.0055
1992-02-26,0.0332,0.0019
1992-02-27,0.004,0.003
1992-02-28,0,0.0056
1992-02-29,0.0002,0.0046
1992-03-01,0,0.0041
1992-03-02,0.0022,0.0047
1992-03-03,0,0.0021
1992-03-04,0,0.0025
1992-03-05,0.0008,0.0052
1992-03-06,0,0.0047
1992-03-07,0,0.0053
1992-03-08,0,0.0049
1992-03-09,0,0.0057
1992-03-10,0,0.0057
1992-03-11,0,0.0042
1992-03-12,0,0.0033
1992-03-13,0,0.0022
1992-03-14,0,0.0032
1992-03-15,0.002,0.0108
1992-03-16,0.1202,0.0022
1992-03-17,0.0066,0.0037
1992-03-18,0,0.004
1992-03-19,0,0.0032
1992-03-20,0,0.004
1992-03-21,0,0.004
1992-03-22,0,0.0042
1992-03-23,0.0004,0.0029
1992-03-24,0.0004,0.0034
1992-03-25,0,0.0034
1992-03-26,0,0.004
1992-03-27,0,0.0024
1992-03-28,0,0.004
1992-03-29,0,0.0033
1992-03-30,0,0.0039
1992-03-31,0.0069,0.0025
1992-04-01,0.006,0.0033
1992-04-02,0.001,0.0029
1992-04-03,0.0051,0.0009
1992-04-04,0.012,0.0028
1992-04-05,0,0.0035
1992-04-06,0,0.003
1992-04-07,0,0.0029
1992-04-08,0,0.0039
1992-04-09,0,0.0027
1992-04-10,0,0.0037
1992-04-11,0,0.0035
1992-04-12,0,0.0034
1992-04-13,0,0.0034
1992-04-14,0,0.0015
1992-04-15,0.0026,0.0024
1992-04-16,0,0.0026
1992-04-17,0,0.003
1992-04-18,0,0.0032
1992-04-19,0,0.003
1992-04-20,0,0.0025
1992-04-21,0,0.0028
1992-04-22,0,0.0026
1992-04-23,0,0.003
1992-04-24,0.0014,0.0006
1992-04-25,0.0043,0.0018
1992-04-26,0,0.0016
1992-04-27,0.0179,0.0009
1992-04-28,0,0.0017
1992-04-29,0,0.002
1992-04-30,0,0.003
1992-05-01,0,0.0018
1992-05-02,0,0.0021
1992-05-03,0,0.0006
1992-05-04,0,0.0027
1992-05-05,0,0.0017
1992-05-06,0.0009,0.0018
1992-05-07,0,0.0011
1992-05-08,0.0004,0.0022
1992-05-09,0,0.0016
1992-05-10,0,0.0026
1992-05-11,0,0.0013
1992-05-12,0.0036,0.0013
1992-05-13,0.0302,0.001
1992-05-14,0.0024,0.002
1992-05-15,0,0.0014
1992-05-16,0,0.0012
1992-05-17,0.0296,0.0017
1992-05-18,0.0149,0.0003
1992-05-19,0,0.0012
1992-05-20,0,0.0007
1992-05-21,0,0.0017
1992-05-22,0,0.0031
1992-05-23,0,0.0026
1992-05-24,0,0.0011
1992-05-25,0,0.0006
1992-05-26,0,0.0023
1992-05-27,0,0.0021
1992-05-28,0,0
1992-05-29,0,0.0014
1992-05-30,0,0.0014
1992-05-31,0,0.0019
1992-06-01,0,0.0018
1992-06-02,0,0.0008
1992-06-03,0.0016,0.0015
1992-06-04,0,0.0022
1992-06-05,0,0.001
1992-06-06,0,0.0014
1992-06-07,0,0.0018
1992-06-08,0,0.0025
1992-06-09,0,0.0012
1992-06-10,0,0.0017
1992-06-11,0,0.0016
1992-06-12,0,0.0019
1992-06-13,0,0.0003
1992-06-14,0,0.0009
1992-06-15,0,0.0008
1992-06-16,0,0.001
1992-06-17,0,0.001
1992-06-18,0,0.0022
1992-06-19,0,0.0012
1992-06-20,0,0.0026
1992-06-21,0,0.0024
1992-06-22,0,0.0006
1992-06-23,0,0.0014
1992-06-24,0,0.0016
1992-06-25,0,0.0022
1992-06-26,0,0.0013
1992-06-27,0,0.0015
1992-06-28,0,0.0018
1992-06-29,0,0.001
1992-06-30,0,0.0003
1992-07-01,0.0086,0.001
1992-07-02,0,0.0004
1992-07-03,0.0004,0.0013
1992-07-04,0.0014,0.0009
1992-07-05,0,0.0019
1992-07-06,0,0.0021
1992-07-07,0,0.0032
1992-07-08,0,0.0023
1992-07-09,0,0.0014
1992-07-10,0,0.002
1992-07-11,0,0.0016
1992-07-12,0,0.001
1992-07-13,0,0.0017
1992-07-14,0,0.0014
1992-07-15,0,0.0012
1992-07-16,0.0008,0.0007
1992-07-17,0.0011,0.0011
1992-07-18,0.0005,0.0024
1992-07-19,0,0.0018
1992-07-20,0,0.0036
1992-07-21,0,0.0022
1992-07-22,0,0.0012
1992-07-23,0,0.0011
1992-07-24,0,0.0014
1992-07-25,0,0.0017
1992-07-26,0,0.002
1992-07-27,0.0009,0.0023
1992-07-28,0,0.0016
1992-07-29,0,0.0019
1992-07-30,0,0.0011
1992-07-31,0,0.0014
1992-08-01,0,0.0024
1992-08-02,0,0.0024
1992-08-03,0,0.0022
1992-08-04,0,0.0019
1992-08-05,0,0.0023
1992-08-06,0,0.0018
1992-08-07,0.0018,0.0025
1992-08-08,0.0046,0.0033
1992-08-09,0,0.0023
1992-08-10,0,0.0023
1992-08-11,0,0.0022
1992-08-12,0,0.0032
1992-08-13,0,0.0038
1992-08-14,0,0.0026
1992-08-15,0,0.0021
1992-08-16,0,0.0022
1992-08-17,0,0.0023
1992-08-18,0,0.0036
1992-08-19,0,0.0032
1992-08-20,0,0.0028
1992-08-21,0,0.0016
1992-08-22,0,0.0022
1992-08-23,0,0.003
1992-08-24,0.0084,0.0029
1992-08-25,0,0.0028
1992-08-26,0,0.0019
1992-08-27,0,0.0014
1992-08-28,0,0.0035
1992-08-29,0,0.0025
1992-08-30,0,0.0026
1992-08-31,0.0018,0.0028
1992-09-01,0,0.0023
1992-09-02,0.0174,0.0005
1992-09-03,0.0255,0.0013
1992-09-04,0.0004,0.003
1992-09-05,0,0.004
1992-09-06,0,0.0028
1992-09-07,0,0.0032
1992-09-08,0.005,0.0058
1992-09-09,0,0.0024
1992-09-10,0,0.0026
1992-09-11,0,0.003
1992-09-12,0,0.0034
1992-09-13,0,0.0046
1992-09-14,0,0.0034
1992-09-15,0,0.0027
1992-09-16,0.0048,0.0062
1992-09-17,0,0.0039
1992-09-18,0,0.004
1992-09-19,0,0.005
1992-09-20,0,0.004
1992-09-21,0,0.004
1992-09-22,0,0.004
1992-09-23,0,0.004
1992-09-24,0,0.0048
1992-09-25,0,0.0058
1992-09-26,0,0.0056
1992-09-27,0,0.0032
1992-09-28,0,0.0007
1992-09-29,0,0.0046
1992-09-30,0.0046,0.0041
1992-10-01,0,0.0047
1992-10-02,0,0.0074
1992-10-03,0,0.0042
1992-10-04,0,0.0035
1992-10-05,0.0002,0.0049
1992-10-06,0,0.006
1992-10-07,0,0.0044
1992-10-08,0,0.0051
1992-10-09,0,0.0055
1992-10-10,0,0.0054
1992-10-11,0,0.0035
1992-10-12,0,0.0061
1992-10-13,0,0.0054
1992-10-14,0,0.004
1992-10-15,0,0.0056
1992-10-16,0,0.0064
1992-10-17,0,0.006
1992-10-18,0,0.0031
1992-10-19,0.0132,0.0068
1992-10-20,0,0.0057
1992-10-21,0,0.0064
1992-10-22,0,0.0058
1992-10-23,0,0.0059
1992-10-24,0,0.0048
1992-10-25,0,0.0052
1992-10-26,0,0.0058
1992-10-27,0,0.007
1992-10-28,0,0.004
1992-10-29,0,0.0051
1992-10-30,0,0.0044
1992-10-31,0.0002,0.005
1992-11-01,0,0.0072
1992-11-02,0,0.0077
1992-11-03,0,0.0062
1992-11-04,0,0.0072
1992-11-05,0.005,0.0048
1992-11-06,0.0107,0.0072
1992-11-07,0,0.0066
1992-11-08,0,0.0062
1992-11-09,0,0.0068
1992-11-10,0.0033,0.0039
1992-11-11,0,0.008
1992-11-12,0,0.0076
1992-11-13,0,0.0069
1992-11-14,0,0.0053
1992-11-15,0,0.0054
1992-11-16,0,0.0063
1992-11-17,0,0.008
1992-11-18,0,0.004
1992-11-19,0,0.0076
1992-11-20,0,0.0046
1992-11-21,0,0.0068
1992-11-22,0.0082,0.0063
1992-11-23,0,0.008
1992-11-24,0,0.0078
1992-11-25,0,0.009
1992-11-26,0.0086,0.0075
1992-11-27,0,0.0073
1992-11-28,0,0.0086
1992-11-29,0,0.0096
1992-11-30,0.0012,0.0098
1992-12-01,0,0.0087
1992-12-02,0,0.0077
1992-12-03,0,0.0074
1992-12-04,0,0.0047
1992-12-05,0,0.0015
1992-12-06,0.0012,0.008
1992-12-07,0,0.009
1992-12-08,0,0.0091
1992-12-09,0,0.006
1992-12-10,0.0054,0.0074
1992-12-11,0,0.0068
1992-12-12,0,0.008
1992-12-13,0,0.004
1992-12-14,0.0002,0.0048
1992-12-15,0.0074,0.007
1992-12-16,0,0.0055
1992-12-17,0,0.0062
1992-12-18,0,0.0039
1992-12-19,0,0.004
1992-12-20,0,0.0051
1992-12-21,0,0.0068
1992-12-22,0,0.0066
1992-12-23,0,0.0073
1992-12-24,0,0.0078
1992-12-25,0,0.008
1992-12-26,0,0.008
1992-12-27,0.0134,0.0058
1992-12-28,0.005,0.008
1992-12-29,0,0.008
1992-12-30,0,0.0072
1992-12-31,0,0.0028
1993-01-01,0,0.0072
1993-01-02,0,0.0074
1993-01-03,0,0.0077
1993-01-04,0,0.0066
1993-01-05,0.006,0.0048
1993-01-06,0.0187,0.0046
1993-01-07,0,0.0042
1993-01-08,0,0.0061
1993-01-09,0.0176,0.0047
1993-01-10,0.002,0.0019
1993-01-11,0.0188,0.0017
1993-01-12,0,0.0035
1993-01-13,0.0044,0.0023
1993-01-14,0.0068,0.0025
1993-01-15,0.0052,0.0062
1993-01-16,0,0.0072
1993-01-17,0,0.0064
1993-01-18,0,0.0069
1993-01-19,0,0.0063
1993-01-20,0,0.0065
1993-01-21,0,0.0063
1993-01-22,0,0.008
1993-01-23,0,0.0072
1993-01-24,0,0.0064
1993-01-25,0,0.0068
1993-01-26,0,0.008
1993-01-27,0,0.0062
1993-01-28,0,0.0067
1993-01-29,0,0.0044
1993-01-30,0,0.0074
1993-01-31,0,0.0091
1993-02-01,0,0.008
1993-02-02,0,0.008
1993-02-03,0,0.008
1993-02-04,0,0.0072
1993-02-05,0,0.0064
1993-02-06,0,0.002
1993-02-07,0.0096,0.0058
1993-02-08,0.0018,0.0045
1993-02-09,0.0004,0.005
1993-02-10,0,0.0049
1993-02-11,0,0.0063
1993-02-12,0,0.0057
1993-02-13,0,0.0066
1993-02-14,0,0.0044
1993-02-15,0,0.0058
1993-02-16,0,0.0062
1993-02-17,0,0.0039
1993-02-18,0.0068,0.0063
1993-02-19,0,0.0045
1993-02-20,0.0164,0.0056
1993-02-21,0,0.0064
1993-02-22,0,0.004
1993-02-23,0,0.0036
1993-02-24,0.032,0.0056
1993-02-25,0,0.0044
1993-02-26,0.0012,0.005
1993-02-27,0,0.006
1993-02-28,0,0.0068
1993-03-01,0.011,0.008
1993-03-02,0,0.0065
1993-03-03,0,0.0064
1993-03-04,0,0.004
1993-03-05,0,0.0054
1993-03-06,0,0.0056
1993-03-07,0,0.004
1993-03-08,0,0.0055
1993-03-09,0,0.0056
1993-03-10,0,0.0052
1993-03-11,0,0.0061
1993-03-12,0.015,0.0044
1993-03-13,0,0.0048
1993-03-14,0,0.0055
1993-03-15,0,0.0025
1993-03-16,0,0.0057
1993-03-17,0,0.0062
1993-03-18,0,0.0045
1993-03-19,0,0.004
1993-03-20,0,0.005
1993-03-21,0,0.0058
1993-03-22,0,0.004
1993-03-23,0,0.0056
1993-03-24,0,0.0056
1993-03-25,0,0.004
1993-03-26,0,0.005
1993-03-27,0,0.005
1993-03-28,0,0.0044
1993-03-29,0.0014,0.0065
1993-03-30,0,0.0051
1993-03-31,0,0.0031
1993-04-01,0,0.004
1993-04-02,0,0.0043
1993-04-03,0,0.004
1993-04-04,0,0.0031
1993-04-05,0,0.0043
1993-04-06,0,0.0042
1993-04-07,0,0.0048
1993-04-08,0,0.0038
1993-04-09,0,0.0042
1993-04-10,0,0.0044
1993-04-11,0.0002,0.0028
1993-04-12,0,0.0043
1993-04-13,0,0.0035
1993-04-14,0,0.0039
1993-04-15,0,0.0039
1993-04-16,0,0.0043
1993-04-17,0,0.0028
1993-04-18,0,0.0038
1993-04-19,0,0.0035
1993-04-20,0,0.0038
1993-04-21,0,0.0041
1993-04-22,0,0.003
1993-04-23,0,0.0034
1993-04-24,0,0.0016
1993-04-25,0.001,0.003
1993-04-26,0,0.004
1993-04-27,0,0.0031
1993-04-28,0,0.004
1993-04-29,0,0.006
1993-04-30,0,0.0052
1993-05-01,0,0.0029
1993-05-02,0,0.0031
1993-05-03,0,0.0034
1993-05-04,0,0.0012
1993-05-05,0,0.0029
1993-05-06,0,0.0024
1993-05-07,0,0.0024
1993-05-08,0,0.0016
1993-05-09,0,0.0024
1993-05-10,0,0.0027
1993-05-11,0,0.0018
1993-05-12,0,0.0036
1993-05-13,0.0096,0.0018
1993-05-14,0.0096,0.001
1993-05-15,0.002,0.0032
1993-05-16,0,0.0026
1993-05-17,0,0.0021
1993-05-18,0,0.0026
1993-05-19,0,0.0026
1993-05-20,0,0.0006
1993-05-21,0,0.0017
1993-05-22,0.0006,0.002
1993-05-23,0,0.0026
1993-05-24,0,0.0018
1993-05-25,0,0.0028
1993-05-26,0,0.002
1993-05-27,0,0.0013
1993-05-28,0,0.0026
1993-05-29,0,0.0024
1993-05-30,0,0.0023
1993-05-31,0,0.0016
1993-06-01,0,0.0018
1993-06-02,0.0016,0.002
1993-06-03,0.0016,0.0024
1993-06-04,0,0.0012
1993-06-05,0,0.0022
1993-06-06,0,0.0024
1993-06-07,0,0.002
1993-06-08,0,0.0026
1993-06-09,0,0.001
1993-06-10,0,0.0016
1993-06-11,0,0.0019
1993-06-12,0,0.0032
1993-06-13,0,0.0028
1993-06-14,0,0.0022
1993-06-15,0,0.0011
1993-06-16,0,0.0002
1993-06-17,0.0002,0.0023
1993-06-18,0,0.0012
1993-06-19,0,0.0025
1993-06-20,0,0.0033
1993-06-21,0,0.0023
1993-06-22,0,0.0016
1993-06-23,0,0.0018
1993-06-24,0,0.0019
1993-06-25,0,0.0008
1993-06-26,0,0.0016
1993-06-27,0,0.0022
1993-06-28,0,0.002
1993-06-29,0,0.0016
1993-06-30,0,0.0022
1993-07-01,0,0.0018
1993-07-02,0,0.002
1993-07-03,0,0.0014
1993-07-04,0,0.0018
1993-07-05,0,0.0026
1993-07-06,0,0.0015
1993-07-07,0,0.0022
1993-07-08,0.0022,0.002
1993-07-09,0,0.001
1993-07-10,0.0193,0.0016
1993-07-11,0.0468,0.001
1993-07-12,0.0091,0.0022
1993-07-13,0.0005,0.0018
1993-07-14,0,0.0018
1993-07-15,0,0.0024
1993-07-16,0,0.0028
1993-07-17,0,0.003
1993-07-18,0,0.0026
1993-07-19,0,0.0028
1993-07-20,0,0.0028
1993-07-21,0,0.0014
1993-07-22,0.0007,0.0012
1993-07-23,0.0002,0.002
1993-07-24,0,0.0028
1993-07-25,0.0001,0.0024
1993-07-26,0,0.0026
1993-07-27,0.0008,0.0034
1993-07-28,0.0001,0.004
1993-07-29,0,0.004
1993-07-30,0,0.003
1993-07-31,0,0.0034
1993-08-01,0,0.0038
1993-08-02,0,0.0048
1993-08-03,0,0.005
1993-08-04,0,0.0044
1993-08-05,0,0.0046
1993-08-06,0,0.0042
1993-08-07,0,0.0034
1993-08-08,0,0.0034
1993-08-09,0,0.0036
1993-08-10,0,0.0054
1993-08-11,0,0.0052
1993-08-12,0,0.0034
1993-08-13,0,0.004
1993-08-14,0,0.0042
1993-08-15,0,0.0034
1993-08-16,0,0.0044
1993-08-17,0,0.0072
1993-08-18,0,0.0036
1993-08-19,0,0.0036
1993-08-20,0,0.0048
1993-08-21,0,0.0044
1993-08-22,0,0.0042
1993-08-23,0,0.0036
1993-08-24,0,0.0034
1993-08-25,0,0.0026
1993-08-26,0.0098,0.0038
1993-08-27,0,0.004
1993-08-28,0.0003,0.0038
1993-08-29,0.009,0.0034
1993-08-30,0.0246,0.003
1993-08-31,0.0038,0.0036
1993-09-01,0,0.0042
1993-09-02,0,0.0044
1993-09-03,0.0114,0.0044
1993-09-04,0,0.0046
1993-09-05,0,0.0032
1993-09-06,0,0.0022
1993-09-07,0.0004,0.0034
1993-09-08,0,0.0044
1993-09-09,0,0.0054
1993-09-10,0,0.0052
1993-09-11,0,0.0038
1993-09-12,0,0.0044
1993-09-13,0,0.0058
1993-09-14,0.0001,0.003
1993-09-15,0.0137,0.0044
1993-09-16,0,0.0052
1993-09-17,0,0.0058
1993-09-18,0,0.007
1993-09-19,0,0.0058
1993-09-20,0,0.0084
1993-09-21,0,0.0066
1993-09-22,0,0.0058
1993-09-23,0.014,0.003
1993-09-24,0.0279,0.0038
1993-09-25,0.0009,0.0048
1993-09-26,0,0.0046
1993-09-27,0,0.0046
1993-09-28,0,0.0052
1993-09-29,0,0.006
1993-09-30,0,0.0042
1993-10-01,0,0.0054
1993-10-02,0,0.0052
1993-10-03,0,0.0052
1993-10-04,0,0.0042
1993-10-05,0.0057,0.0044
1993-10-06,0,0.0056
1993-10-07,0,0.0058
1993-10-08,0,0.0058
1993-10-09,0,0.0068
1993-10-10,0,0.0086
1993-10-11,0,0.0072
1993-10-12,0,0.0044
1993-10-13,0,0.0072
1993-10-14,0,0.0056
1993-10-15,0,0.007
1993-10-16,0,0.0074
1993-10-17,0,0.0068
1993-10-18,0,0.0094
1993-10-19,0,0.009
1993-10-20,0,0.0038
1993-10-21,0.0122,0.0042
1993-10-22,0,0.0068
1993-10-23,0,0.0068
1993-10-24,0,0.0066
1993-10-25,0,0.0062
1993-10-26,0.0001,0.01
1993-10-27,0,0.0076
1993-10-28,0,0.0076
1993-10-29,0,0.0078
1993-10-30,0.0039,0.0074
1993-10-31,0.0137,0.006
1993-11-01,0.018,0.005
1993-11-02,0,0.0054
1993-11-03,0,0.0066
1993-11-04,0.0013,0.0078
1993-11-05,0.0004,0.009
1993-11-06,0,0.0062
1993-11-07,0,0.0072
1993-11-08,0,0.0078
1993-11-09,0,0.0074
1993-11-10,0,0.0068
1993-11-11,0.0074,0.0046
1993-11-12,0.0028,0.0062
1993-11-13,0,0.0036
1993-11-14,0,0.0038
1993-11-15,0,0.0064
1993-11-16,0.0039,0.0052
1993-11-17,0.0004,0.0048
1993-11-18,0.001,0.0074
1993-11-19,0,0.0064
1993-11-20,0,0.01
1993-11-21,0,0.0074
1993-11-22,0.0062,0.005
1993-11-23,0.0282,0.0048
1993-11-24,0.0704,0.0022
1993-11-25,0.0065,0.0058
1993-11-26,0,0.0078
1993-11-27,0,0.0062
1993-11-28,0,0.0068
1993-11-29,0,0.0084
1993-11-30,0,0.0074
1993-12-01,0,0.0064
1993-12-02,0,0.0062
1993-12-03,0,0.0078
1993-12-04,0,0.0078
1993-12-05,0,0.009
1993-12-06,0.0035,0.0048
1993-12-07,0,0.0074
1993-12-08,0.0003,0.0044
1993-12-09,0.0467,0.0026
1993-12-10,0.0005,0.0054
1993-12-11,0.0021,0.0062
1993-12-12,0,0.0054
1993-12-13,0,0.0074
1993-12-14,0,0.008
1993-12-15,0,0.0054
1993-12-16,0,0.0066
1993-12-17,0,0.0062
1993-12-18,0,0.0076
1993-12-19,0,0.008
1993-12-20,0,0.0076
1993-12-21,0,0.0076
1993-12-22,0,0.0072
1993-12-23,0.0002,0.0042
1993-12-24,0.0265,0.0082
1993-12-25,0,0.0076
1993-12-26,0,0.008
1993-12-27,0,0.0086
1993-12-28,0,0.0064
1993-12-29,0,0.008
1993-12-30,0,0.0078
1993-12-31,0,0.008
1994-01-01,0,0.0094
1994-01-02,0,0.01
1994-01-03,0,0.0098
1994-01-04,0,0.0098
1994-01-05,0,0.0114
1994-01-06,0,0.0118
1994-01-07,0,0.0086
1994-01-08,0,0.0112
1994-01-09,0.0219,0.0096
1994-01-10,0.0127,0.006
1994-01-11,0,0.0074
1994-01-12,0,0.0082
1994-01-13,0,0.0074
1994-01-14,0,0.008
1994-01-15,0,0.0076
1994-01-16,0.0004,0.0072
1994-01-17,0,0.0074
1994-01-18,0,0.0064
1994-01-19,0.0055,0.0088
1994-01-20,0.0005,0.0066
1994-01-21,0,0.0072
1994-01-22,0,0.0082
1994-01-23,0.0117,0.0068
1994-01-24,0,0.009
1994-01-25,0,0.0086
1994-01-26,0,0.007
1994-01-27,0.0004,0.0076
1994-01-28,0.002,0.0042
1994-01-29,0,0.0072
1994-01-30,0,0.0064
1994-01-31,0,0.0058
1994-02-01,0.0042,0.0044
1994-02-02,0.0002,0.0032
1994-02-03,0.0146,0.004
1994-02-04,0.0321,0.0034
1994-02-05,0.0003,0.005
1994-02-06,0,0.0044
1994-02-07,0.0036,0.006
1994-02-08,0,0.0036
1994-02-09,0.0062,0.006
1994-02-10,0.0004,0.0052
1994-02-11,0,0.0052
1994-02-12,0.0053,0.0044
1994-02-13,0.0017,0.0058
1994-02-14,0,0.0058
1994-02-15,0.0006,0.0046
1994-02-16,0,0.0062
1994-02-17,0,0.0058
1994-02-18,0,0.005
1994-02-19,0,0.0062
1994-02-20,0.0042,0.0038
1994-02-21,0.0019,0.0038
1994-02-22,0,0.0048
1994-02-23,0,0.0064
1994-02-24,0,0.0048
1994-02-25,0,0.0052
1994-02-26,0,0.006
1994-02-27,0,0.0066
1994-02-28,0,0.0048
1994-03-01,0.0559,0.0016
1994-03-02,0.0348,0.0004
1994-03-03,0.049,0.0032
1994-03-04,0.014,0.0024
1994-03-05,0,0.0034
1994-03-06,0.0005,0.0048
1994-03-07,0.0346,0.0052
1994-03-08,0.0072,0.0026
1994-03-09,0.0054,0.003
1994-03-10,0.0006,0.0034
1994-03-11,0.0014,0.0068
1994-03-12,0,0.0074
1994-03-13,0,0.0056
1994-03-14,0,0.0058
1994-03-15,0,0.0056
1994-03-16,0,0.0048
1994-03-17,0,0.005
1994-03-18,0,0.0042
1994-03-19,0.0003,0.0056
1994-03-20,0.0001,0.0048
1994-03-21,0,0.0054
1994-03-22,0,0.0054
1994-03-23,0.0002,0.0056
1994-03-24,0,0.0044
1994-03-25,0.0004,0.0048
1994-03-26,0,0.004
1994-03-27,0,0.0038
1994-03-28,0.0019,0.0048
1994-03-29,0.0001,0.0046
1994-03-30,0,0.0052
1994-03-31,0.0009,0.0046
1994-04-01,0,0.0048
1994-04-02,0,0.0044
1994-04-03,0,0.0052
1994-04-04,0.0004,0.0046
1994-04-05,0.0088,0.004
1994-04-06,0,0.0044
1994-04-07,0,0.0046
1994-04-08,0,0.006
1994-04-09,0,0.0046
1994-04-10,0,0.0044
1994-04-11,0,0.0042
1994-04-12,0.0003,0.0062
1994-04-13,0,0.0056
1994-04-14,0,0.0044
1994-04-15,0,0.0044
1994-04-16,0,0.004
1994-04-17,0,0.0042
1994-04-18,0,0.0024
1994-04-19,0.0053,0.0038
1994-04-20,0,0.0038
1994-04-21,0,0.0048
1994-04-22,0,0.0034
1994-04-23,0.0001,0.0046
1994-04-24,0,0.005
1994-04-25,0,0.0044
1994-04-26,0.0018,0.0042
1994-04-27,0,0.0028
1994-04-28,0,0.0028
1994-04-29,0,0.0032
1994-04-30,0.0012,0.0024
1994-05-01,0.0029,0.0026
1994-05-02,0,0.0014
1994-05-03,0.0068,0.001
1994-05-04,0.0005,0.0038
1994-05-05,0.0004,0.003
1994-05-06,0,0.003
1994-05-07,0.0058,0.0038
1994-05-08,0,0.004
1994-05-09,0,0.0036
1994-05-10,0,0.0032
1994-05-11,0,0.003
1994-05-12,0,0.004
1994-05-13,0,0.0034
1994-05-14,0,0.003
1994-05-15,0,0.004
1994-05-16,0,0.0028
1994-05-17,0,0.0034
1994-05-18,0,0.0034
1994-05-19,0,0.0046
1994-05-20,0,0.0044
1994-05-21,0,0.0032
1994-05-22,0,0.0028
1994-05-23,0,0.0034
1994-05-24,0,0.0034
1994-05-25,0,0.003
1994-05-26,0,0.0026
1994-05-27,0,0.0042
1994-05-28,0,0.0036
1994-05-29,0,0.003
1994-05-30,0,0.0014
1994-05-31,0,0.0026
1994-06-01,0,0.0036
1994-06-02,0,0.003
1994-06-03,0,0.0034
1994-06-04,0,0.003
1994-06-05,0,0.0036
1994-06-06,0,0.0004
1994-06-07,0.002,0.0024
1994-06-08,0.0006,0.0018
1994-06-09,0.0007,0.0038
1994-06-10,0,0.0034
1994-06-11,0,0.0032
1994-06-12,0,0.0024
1994-06-13,0,0.0032
1994-06-14,0,0.0014
1994-06-15,0,0.004
1994-06-16,0,0.0024
1994-06-17,0,0.0036
1994-06-18,0,0.0032
1994-06-19,0,0.0028
1994-06-20,0,0.0032
1994-06-21,0,0.0034
1994-06-22,0,0.0034
1994-06-23,0,0.0022
1994-06-24,0,0.0042
1994-06-25,0,0.0036
1994-06-26,0,0.0034
1994-06-27,0,0.0034
1994-06-28,0,0.003
1994-06-29,0,0.0032
1994-06-30,0,0.0038
1994-07-01,0,0.0036
1994-07-02,0,0.0016
1994-07-03,0.0011,0.0024
1994-07-04,0.0024,0.002
1994-07-05,0.001,0.0024
1994-07-06,0.0001,0.0038
1994-07-07,0.0002,0.0032
1994-07-08,0,0.003
1994-07-09,0.0007,0.003
1994-07-10,0.0001,0.002
1994-07-11,0.0015,0.0018
1994-07-12,0.0002,0.002
1994-07-13,0.0002,0.0042
1994-07-14,0,0.0036
1994-07-15,0,0.003
1994-07-16,0,0.0028
1994-07-17,0,0.0044
1994-07-18,0,0.0026
1994-07-19,0,0.0036
1994-07-20,0,0.0036
1994-07-21,0,0.003
1994-07-22,0,0.0038
1994-07-23,0,0.0036
1994-07-24,0,0.003
1994-07-25,0,0.0034
1994-07-26,0,0.0034
1994-07-27,0,0.0042
1994-07-28,0,0.004
1994-07-29,0,0.0032
1994-07-30,0,0.0054
1994-07-31,0,0.004
1994-08-01,0,0.0034
1994-08-02,0,0.0036
1994-08-03,0,0.0034
1994-08-04,0,0.0036
1994-08-05,0,0.0032
1994-08-06,0,0.0024
1994-08-07,0,0.0048
1994-08-08,0,0.0066
1994-08-09,0,0.0056
1994-08-10,0,0.0042
1994-08-11,0,0.0044
1994-08-12,0,0.0038
1994-08-13,0,0.004
1994-08-14,0,0.006
1994-08-15,0,0.004
1994-08-16,0,0.0044
1994-08-17,0,0.0042
1994-08-18,0,0.0042
1994-08-19,0,0.004
1994-08-20,0,0.0038
1994-08-21,0,0.0034
1994-08-22,0,0.0036
1994-08-23,0,0.0026
1994-08-24,0,0.005
1994-08-25,0,0.006
1994-08-26,0,0.0032
1994-08-27,0,0.005
1994-08-28,0,0.0042
1994-08-29,0,0.0076
1994-08-30,0,0.006
1994-08-31,0,0.0042
1994-09-01,0.0015,0.0046
1994-09-02,0,0.0058
1994-09-03,0,0.0058
1994-09-04,0,0.0058
1994-09-05,0,0.005
1994-09-06,0,0.0062
1994-09-07,0,0.006
1994-09-08,0,0.0058
1994-09-09,0,0.0044
1994-09-10,0.0065,0.0062
1994-09-11,0,0.0058
1994-09-12,0,0.005
1994-09-13,0,0.0044
1994-09-14,0,0.007
1994-09-15,0,0.006
1994-09-16,0,0.0066
1994-09-17,0,0.0068
1994-09-18,0,0.0052
1994-09-19,0,0.0112
1994-09-20,0,0.0076
1994-09-21,0,0.0096
1994-09-22,0,0.005
1994-09-23,0,0.0066
1994-09-24,0,0.0062
1994-09-25,0,0.008
1994-09-26,0,0.0076
1994-09-27,0,0.0116
1994-09-28,0,0.0062
1994-09-29,0,0.0074
1994-09-30,0.0042,0.008
1994-10-01,0,0.0066
1994-10-02,0,0.004
1994-10-03,0,0.0084
1994-10-04,0.0001,0.009
1994-10-05,0,0.0104
1994-10-06,0,0.0076
1994-10-07,0,0.0048
1994-10-08,0.011,0.0084
1994-10-09,0,0.0084
1994-10-10,0,0.0058
1994-10-11,0,0.0056
1994-10-12,0,0.0078
1994-10-13,0,0.006
1994-10-14,0,0.0076
1994-10-15,0,0.0062
1994-10-16,0,0.0074
1994-10-17,0,0.0064
1994-10-18,0,0.0078
1994-10-19,0,0.0082
1994-10-20,0,0.011
1994-10-21,0,0.0108
1994-10-22,0,0.005
1994-10-23,0,0.0034
1994-10-24,0.0219,0.004
1994-10-25,0,0.0062
1994-10-26,0,0.0078
1994-10-27,0,0.007
1994-10-28,0,0.0068
1994-10-29,0,0.0026
1994-10-30,0.0347,0.0072
1994-10-31,0,0.0058
1994-11-01,0,0.0086
1994-11-02,0.0008,0.006
1994-11-03,0.0006,0.0078
1994-11-04,0,0.01
1994-11-05,0,0.0104
1994-11-06,0,0.0104
1994-11-07,0,0.0112
1994-11-08,0,0.01
1994-11-09,0,0.009
1994-11-10,0,0.007
1994-11-11,0,0.008
1994-11-12,0,0.0082
1994-11-13,0,0.0086
1994-11-14,0,0.0094
1994-11-15,0,0.0078
1994-11-16,0,0.0092
1994-11-17,0,0.0082
1994-11-18,0,0.0086
1994-11-19,0,0.0078
1994-11-20,0.0002,0.0092
1994-11-21,0.0037,0.0092
1994-11-22,0.0028,0.0082
1994-11-23,0,0.0074
1994-11-24,0,0.0088
1994-11-25,0,0.0084
1994-11-26,0,0.0076
1994-11-27,0,0.0066
1994-11-28,0,0.0094
1994-11-29,0,0.0084
1994-11-30,0,0.0074
1994-12-01,0,0.0074
1994-12-02,0.024,0.0042
1994-12-03,0.0003,0.0028
1994-12-04,0.0066,0.0052
1994-12-05,0.0029,0.0064
1994-12-06,0.0002,0.005
1994-12-07,0.0015,0.007
1994-12-08,0,0.0074
1994-12-09,0,0.0072
1994-12-10,0,0.0072
1994-12-11,0.0069,0.007
1994-12-12,0,0.0082
1994-12-13,0,0.0082
1994-12-14,0,0.0088
1994-12-15,0,0.0094
1994-12-16,0,0.0086
1994-12-17,0,0.0088
1994-12-18,0,0.008
1994-12-19,0.0006,0.0094
1994-12-20,0,0.0082
1994-12-21,0,0.0096
1994-12-22,0,0.0098
1994-12-23,0,0.0102
1994-12-24,0,0.0098
1994-12-25,0,0.003
1994-12-26,0.0171,0.0066
1994-12-27,0,0.0094
1994-12-28,0,0.0098
1994-12-29,0,0.0092
1994-12-30,0,0.0098
1994-12-31,0,0.0082
1995-01-01,0,0.01
1995-01-02,0,0.0088
1995-01-03,0,0.0062
1995-01-04,0.0029,0.0078
1995-01-05,0.0001,0.0076
1995-01-06,0.0039,0.0078
1995-01-07,0,0.0056
1995-01-08,0.0041,0.0068
1995-01-09,0,0.0064
1995-01-10,0.0015,0.0078
1995-01-11,0,0.0076
1995-01-12,0,0.0062
1995-01-13,0.0012,0.0088
1995-01-14,0,0.0082
1995-01-15,0,0.0084
1995-01-16,0.0003,0.0082
1995-01-17,0.0063,0.0074
1995-01-18,0.0026,0.0042
1995-01-19,0.0059,0.0032
1995-01-20,0.0013,0.0024
1995-01-21,0.0337,0.0058
1995-01-22,0.0249,0.006
1995-01-23,0.0011,0.0064
1995-01-24,0,0.008
1995-01-25,0,0.0082
1995-01-26,0,0.008
1995-01-27,0,0.0078
1995-01-28,0,0.0092
1995-01-29,0.0046,0.0074
1995-01-30,0,0.0078
1995-01-31,0,0.0116
1995-02-01,0,0.008
1995-02-02,0,0.008
1995-02-03,0,0.0068
1995-02-04,0,0.006
1995-02-05,0.0039,0.0088
1995-02-06,0,0.0078
1995-02-07,0.0093,0.0054
1995-02-08,0,0.005
1995-02-09,0,0.0076
1995-02-10,0,0.0028
1995-02-11,0.0007,0.0016
1995-02-12,0.0173,0.0026
1995-02-13,0.0043,0.0022
1995-02-14,0.0178,0.0018
1995-02-15,0.015,0.0036
1995-02-16,0.0001,0.003
1995-02-17,0,0.0052
1995-02-18,0,0.0068
1995-02-19,0.0071,0.0058
1995-02-20,0,0.0062
1995-02-21,0,0.0068
1995-02-22,0,0.0058
1995-02-23,0,0.0086
1995-02-24,0,0.0074
1995-02-25,0,0.0044
1995-02-26,0.0035,0.004
1995-02-27,0.0003,0.0054
1995-02-28,0,0.0054
1995-03-01,0,0.006
1995-03-02,0,0.0074
1995-03-03,0,0.0074
1995-03-04,0,0.006
1995-03-05,0,0.0076
1995-03-06,0,0.0078
1995-03-07,0,0.0072
1995-03-08,0,0.0088
1995-03-09,0,0.008
1995-03-10,0,0.0076
1995-03-11,0,0.0072
1995-03-12,0,0.0064
1995-03-13,0,0.0088
1995-03-14,0,0.0072
1995-03-15,0,0.0074
1995-03-16,0,0.0062
1995-03-17,0.0002,0.0056
1995-03-18,0,0.0068
1995-03-19,0,0.0068
1995-03-20,0,0.0078
1995-03-21,0,0.007
1995-03-22,0,0.0066
1995-03-23,0,0.007
1995-03-24,0,0.0076
1995-03-25,0,0.0066
1995-03-26,0,0.004
1995-03-27,0,0.007
1995-03-28,0.0088,0.0068
1995-03-29,0.024,0.0042
1995-03-30,0.002,0.004
1995-03-31,0.0006,0.0044
1995-04-01,0,0.0072
1995-04-02,0.0021,0.0058
1995-04-03,0.0056,0.0054
1995-04-04,0,0.0044
1995-04-05,0.0029,0.0022
1995-04-06,0.0039,0.005
1995-04-07,0,0.0054
1995-04-08,0,0.0058
1995-04-09,0,0.0052
1995-04-10,0,0.0054
1995-04-11,0,0.0056
1995-04-12,0,0.0032
1995-04-13,0,0.0034
1995-04-14,0,0.0014
1995-04-15,0.0009,0.0034
1995-04-16,0,0.0038
1995-04-17,0,0.005
1995-04-18,0,0.0052
1995-04-19,0,0.0048
1995-04-20,0,0.0042
1995-04-21,0,0.0048
1995-04-22,0,0.0046
1995-04-23,0,0.0042
1995-04-24,0,0.0056
1995-04-25,0,0.0048
1995-04-26,0,0.0036
1995-04-27,0,0.0048
1995-04-28,0,0.0046
1995-04-29,0.0004,0.0044
1995-04-30,0,0.0046
1995-05-01,0,0.003
1995-05-02,0.0006,0.0036
1995-05-03,0,0.0028
1995-05-04,0.0039,0.0026
1995-05-05,0,0.0044
1995-05-06,0,0.004
1995-05-07,0,0.0038
1995-05-08,0,0.004
1995-05-09,0,0.0036
1995-05-10,0,0.0032
1995-05-11,0,0.0024
1995-05-12,0.0005,0.0032
1995-05-13,0,0.003
1995-05-14,0,0.0026
1995-05-15,0,0.0036
1995-05-16,0.0011,0.0062
1995-05-17,0.0046,0.0032
1995-05-18,0,0.003
1995-05-19,0,0.0034
1995-05-20,0,0.0022
1995-05-21,0.0347,0.0008
1995-05-22,0.0027,0.0022
1995-05-23,0,0.0026
1995-05-24,0,0.003
1995-05-25,0,0.0024
1995-05-26,0,0.0038
1995-05-27,0,0.0034
1995-05-28,0,0.003
1995-05-29,0,0.0022
1995-05-30,0,0.0016
1995-05-31,0,0.002
1995-06-01,0.0002,0.0028
1995-06-02,0,0.0032
1995-06-03,0,0.0016
1995-06-04,0.0004,0.0026
1995-06-05,0.0034,0.0014
1995-06-06,0.007,0.0018
1995-06-07,0.0006,0.0024
1995-06-08,0.0003,0.0026
1995-06-09,0,0.0026
1995-06-10,0,0.002
1995-06-11,0,0.003
1995-06-12,0,0.0036
1995-06-13,0,0.0026
1995-06-14,0,0.0024
1995-06-15,0,0.0026
1995-06-16,0.0092,0.003
1995-06-17,0.0004,0.0038
1995-06-18,0,0.0032
1995-06-19,0,0.0024
1995-06-20,0,0.0022
1995-06-21,0,0.003
1995-06-22,0,0.0032
1995-06-23,0,0.003
1995-06-24,0,0.0026
1995-06-25,0,0.0026
1995-06-26,0,0.0024
1995-06-27,0,0.0034
1995-06-28,0,0.0036
1995-06-29,0.0007,0.0038
1995-06-30,0.0002,0.003
1995-07-01,0,0.003
1995-07-02,0,0.003
1995-07-03,0,0.0012
1995-07-04,0,0.003
1995-07-05,0,0.002
1995-07-06,0,0.0006
1995-07-07,0.0055,0.0014
1995-07-08,0.0001,0.0016
1995-07-09,0,0.0014
1995-07-10,0.0006,0.0008
1995-07-11,0.0017,0.0032
1995-07-12,0.0008,0.0034
1995-07-13,0,0.0042
1995-07-14,0,0.0054
1995-07-15,0,0.0044
1995-07-16,0,0.0032
1995-07-17,0,0.0028
1995-07-18,0,0.004
1995-07-19,0,0.0052
1995-07-20,0,0.0036
1995-07-21,0,0.0032
1995-07-22,0,0.003
1995-07-23,0,0.0044
1995-07-24,0,0.0042
1995-07-25,0,0.0034
1995-07-26,0,0.0028
1995-07-27,0,0.0038
1995-07-28,0,0.0042
1995-07-29,0,0.0038
1995-07-30,0,0.0034
1995-07-31,0,0.0036
1995-08-01,0.0001,0.0036
1995-08-02,0,0.0038
1995-08-03,0,0.0042
1995-08-04,0,0.0044
1995-08-05,0,0.0038
1995-08-06,0,0.0022
1995-08-07,0.0097,0.0026
1995-08-08,0,0.0034
1995-08-09,0,0.0038
1995-08-10,0,0.0038
1995-08-11,0,0.0036
1995-08-12,0,0.0036
1995-08-13,0.0016,0.0032
1995-08-14,0.0001,0.0032
1995-08-15,0.0002,0.0032
1995-08-16,0.0058,0.002
1995-08-17,0.0019,0.0036
1995-08-18,0,0.0036
1995-08-19,0,0.0044
1995-08-20,0,0.0042
1995-08-21,0,0.0038
1995-08-22,0,0.0042
1995-08-23,0,0.0044
1995-08-24,0,0.0046
1995-08-25,0,0.0058
1995-08-26,0,0.0038
1995-08-27,0,0.004
1995-08-28,0,0.0046
1995-08-29,0,0.0048
1995-08-30,0,0.0044
1995-08-31,0,0.005
1995-09-01,0,0.0046
1995-09-02,0,0.0064
1995-09-03,0.0002,0.0036
1995-09-04,0,0.0052
1995-09-05,0,0.0044
1995-09-06,0.0046,0.0056
1995-09-07,0,0.0046
1995-09-08,0,0.0046
1995-09-09,0,0.0052
1995-09-10,0,0.0064
1995-09-11,0.0006,0.0068
1995-09-12,0,0.0052
1995-09-13,0,0.006
1995-09-14,0,0.0064
1995-09-15,0,0.0048
1995-09-16,0,0.005
1995-09-17,0,0.0012
1995-09-18,0.0008,0.004
1995-09-19,0,0.0052
1995-09-20,0,0.0056
1995-09-21,0,0.0068
1995-09-22,0,0.006
1995-09-23,0,0.0008
1995-09-24,0.001,0.0044
1995-09-25,0,0.0082
1995-09-26,0,0.0078
1995-09-27,0,0.0068
1995-09-28,0,0.0058
1995-09-29,0,0.0064
1995-09-30,0,0.0068
1995-10-01,0,0.0072
1995-10-02,0,0.0086
1995-10-03,0.0004,0.0014
1995-10-04,0.0017,0.0066
1995-10-05,0,0.0072
1995-10-06,0,0.006
1995-10-07,0,0.0068
1995-10-08,0,0.0054
1995-10-09,0.025,0.0034
1995-10-10,0.0001,0.0042
1995-10-11,0,0.0074
1995-10-12,0,0.006
1995-10-13,0,0.0078
1995-10-14,0,0.0104
1995-10-15,0.0003,0.0066
1995-10-16,0,0.0034
1995-10-17,0.0005,0.0046
1995-10-18,0,0.0064
1995-10-19,0,0.0066
1995-10-20,0,0.0064
1995-10-21,0,0.0062
1995-10-22,0,0.0038
1995-10-23,0.0015,0.005
1995-10-24,0,0.0068
1995-10-25,0,0.003
1995-10-26,0.0242,0.0028
1995-10-27,0.0001,0.006
1995-10-28,0,0.007
1995-10-29,0,0.0074
1995-10-30,0,0.0092
1995-10-31,0,0.009
1995-11-01,0,0.0076
1995-11-02,0,0.01
1995-11-03,0,0.009
1995-11-04,0,0.0096
1995-11-05,0,0.008
1995-11-06,0.0055,0.008
1995-11-07,0.0007,0.0098
1995-11-08,0.0004,0.0088
1995-11-09,0,0.0092
1995-11-10,0,0.0104
1995-11-11,0,0.0104
1995-11-12,0,0.0082
1995-11-13,0.0027,0.008
1995-11-14,0,0.0068
1995-11-15,0,0.0064
1995-11-16,0.0009,0.0062
1995-11-17,0.0071,0.0052
1995-11-18,0,0.0062
1995-11-19,0,0.0052
1995-11-20,0.0027,0.007
1995-11-21,0.0453,0.0052
1995-11-22,0.0193,0.0042
1995-11-23,0.0017,0.0094
1995-11-24,0,0.0076
1995-11-25,0,0.0078
1995-11-26,0,0.0094
1995-11-27,0,0.0098
1995-11-28,0,0.01
1995-11-29,0,0.0112
1995-11-30,0,0.0066
1995-12-01,0,0.0086
1995-12-02,0,0.007
1995-12-03,0.0001,0.0086
1995-12-04,0,0.0082
1995-12-05,0,0.0096
1995-12-06,0.0029,0.0054
1995-12-07,0.007,0.0074
1995-12-08,0.0009,0.0082
1995-12-09,0,0.0074
1995-12-10,0,0.0098
1995-12-11,0.0115,0.007
1995-12-12,0.0768,0.0038
1995-12-13,0,0.0068
1995-12-14,0,0.0074
1995-12-15,0,0.0066
1995-12-16,0,0.0076
1995-12-17,0,0.0084
1995-12-18,0,0.0052
1995-12-19,0.009,0.008
1995-12-20,0,0.0082
1995-12-21,0,0.0084
1995-12-22,0,0.008
1995-12-23,0.0016,0.0056
1995-12-24,0.0064,0.0042
1995-12-25,0,0.0068
1995-12-26,0,0.0076
1995-12-27,0,0.0076
1995-12-28,0.0002,0.0078
1995-12-29,0,0.0076
1995-12-30,0,0.008
1995-12-31,0,0.005
1996-01-01,0.0374,0.0032
1996-01-02,0.0045,0.0054
1996-01-03,0.0103,0.0024
1996-01-04,0.0151,0.0026
1996-01-05,0.0699,0.0016
1996-01-06,0.0022,0.0024
1996-01-07,0,0.0054
1996-01-08,0,0.0016
1996-01-09,0.0032,0.0054
1996-01-10,0.103,0.004
1996-01-11,0.0033,0.0042
1996-01-12,0,0.0058
1996-01-13,0,0.006
1996-01-14,0,0.0068
1996-01-15,0,0.0074
1996-01-16,0,0.006
1996-01-17,0,0.0068
1996-01-18,0,0.0062
1996-01-19,0,0.0066
1996-01-20,0,0.0072
1996-01-21,0,0.0058
1996-01-22,0,0.0068
1996-01-23,0,0.0064
1996-01-24,0.0001,0.0054
1996-01-25,0.0026,0.0056
1996-01-26,0.0004,0.0064
1996-01-27,0,0.0058
1996-01-28,0.0089,0.0064
1996-01-29,0.001,0.008
1996-01-30,0.0002,0.0078
1996-01-31,0,0.0078
1996-02-01,0,0.0092
1996-02-02,0,0.0072
1996-02-03,0.0038,0.007
1996-02-04,0,0.0076
1996-02-05,0.0009,0.0086
1996-02-06,0,0.0076
1996-02-07,0,0.0078
1996-02-08,0,0.009
1996-02-09,0,0.0078
1996-02-10,0,0.0088
1996-02-11,0,0.008
1996-02-12,0,0.008
1996-02-13,0,0.0076
1996-02-14,0,0.0062
1996-02-15,0.0001,0.0076
1996-02-16,0,0.0076
1996-02-17,0,0.0062
1996-02-18,0,0.0068
1996-02-19,0.001,0.0074
1996-02-20,0.0003,0.008
1996-02-21,0.0027,0.007
1996-02-22,0.0018,0.0056
1996-02-23,0.0009,0.007
1996-02-24,0,0.0064
1996-02-25,0.0022,0.0064
1996-02-26,0,0.0062
1996-02-27,0,0.0074
1996-02-28,0,0.0068
1996-02-29,0,0.0062
1996-03-01,0.004,0.0044
1996-03-02,0,0.0058
1996-03-03,0.0023,0.008
1996-03-04,0,0.0078
1996-03-05,0,0.0028
1996-03-06,0.0001,0.0062
1996-03-07,0,0.0074
1996-03-08,0,0.0078
1996-03-09,0,0.0076
1996-03-10,0,0.0064
1996-03-11,0,0.007
1996-03-12,0,0.0054
1996-03-13,0,0.0046
1996-03-14,0,0.0068
1996-03-15,0,0.0078
1996-03-16,0,0.0068
1996-03-17,0,0.0058
1996-03-18,0,0.0082
1996-03-19,0,0.007
1996-03-20,0,0.007
1996-03-21,0.0022,0.0068
1996-03-22,0,0.0078
1996-03-23,0,0.0062
1996-03-24,0,0.007
1996-03-25,0,0.0064
1996-03-26,0,0.0056
1996-03-27,0,0.0068
1996-03-28,0,0.0066
1996-03-29,0,0.007
1996-03-30,0,0.0062
1996-03-31,0,0.0064
1996-04-01,0,0.0074
1996-04-02,0,0.0072
1996-04-03,0,0.0054
1996-04-04,0,0.006
1996-04-05,0,0.0072
1996-04-06,0,0.006
1996-04-07,0,0.0068
1996-04-08,0,0.0054
1996-04-09,0,0.005
1996-04-10,0.0009,0.005
1996-04-11,0,0.0062
1996-04-12,0,0.0064
1996-04-13,0,0.0048
1996-04-14,0,0.0056
1996-04-15,0,0.0068
1996-04-16,0,0.0056
1996-04-17,0,0.0058
1996-04-18,0,0.0058
1996-04-19,0,0.0064
1996-04-20,0,0.0044
1996-04-21,0,0.0052
1996-04-22,0,0.003
1996-04-23,0.0237,0.0018
1996-04-24,0.0058,0.0026
1996-04-25,0.0008,0.0046
1996-04-26,0.0013,0.0028
1996-04-27,0.0106,0.0014
1996-04-28,0.0039,0.0032
1996-04-29,0.0079,0.0018
1996-04-30,0,0.0024
1996-05-01,0.0425,0.0038
1996-05-02,0.0159,0.0022
1996-05-03,0.0006,0.0018
1996-05-04,0.0021,0.002
1996-05-05,0,0.0014
1996-05-06,0.0002,0.0024
1996-05-07,0,0.0024
1996-05-08,0,0.0024
1996-05-09,0,0.004
1996-05-10,0,0.0036
1996-05-11,0,0.003
1996-05-12,0,0.0026
1996-05-13,0,0.0028
1996-05-14,0,0.0034
1996-05-15,0,0.0028
1996-05-16,0.0022,0.0034
1996-05-17,0,0.0032
1996-05-18,0.0006,0.0024
1996-05-19,0.0002,0.0028
1996-05-20,0,0.0038
1996-05-21,0,0.0038
1996-05-22,0,0.003
1996-05-23,0,0.0018
1996-05-24,0,0.002
1996-05-25,0,0.0038
1996-05-26,0,0.0022
1996-05-27,0.0001,0.002
1996-05-28,0,0.0022
1996-05-29,0,0.0038
1996-05-30,0,0.0024
1996-05-31,0,0.0016
1996-06-01,0.008,0.002
1996-06-02,0,0.0024
1996-06-03,0,0.003
1996-06-04,0,0.0026
1996-06-05,0,0.002
1996-06-06,0,0.0024
1996-06-07,0,0.0022
1996-06-08,0,0.002
1996-06-09,0,0.0022
1996-06-10,0,0.0006
1996-06-11,0.0004,0.0018
1996-06-12,0.0006,0.0028
1996-06-13,0,0.003
1996-06-14,0.0001,0.0014
1996-06-15,0.0186,0.002
1996-06-16,0,0.0018
1996-06-17,0,0.0022
1996-06-18,0,0.0026
1996-06-19,0,0.0024
1996-06-20,0,0.0028
1996-06-21,0,0.0024
1996-06-22,0,0.0024
1996-06-23,0,0.0036
1996-06-24,0,0.0038
1996-06-25,0,0.0024
1996-06-26,0,0.0016
1996-06-27,0,0.004
1996-06-28,0,0.0028
1996-06-29,0,0.0024
1996-06-30,0,0.0034
1996-07-01,0,0.0026
1996-07-02,0,0.0024
1996-07-03,0,0.0024
1996-07-04,0,0.0022
1996-07-05,0,0.0022
1996-07-06,0.0023,0.0018
1996-07-07,0.0016,0.0024
1996-07-08,0,0.001
1996-07-09,0,0.0022
1996-07-10,0,0.002
1996-07-11,0,0.0026
1996-07-12,0,0.0032
1996-07-13,0,0.0038
1996-07-14,0,0.0038
1996-07-15,0,0.004
1996-07-16,0,0.0038
1996-07-17,0,0.002
1996-07-18,0,0.003
1996-07-19,0,0.0034
1996-07-20,0,0.006
1996-07-21,0,0.0046
1996-07-22,0,0.0036
1996-07-23,0,0.0028
1996-07-24,0,0.0034
1996-07-25,0,0.003
1996-07-26,0,0.0032
1996-07-27,0.0007,0.0024
1996-07-28,0.0163,0.0042
1996-07-29,0,0.003
1996-07-30,0,0.0042
1996-07-31,0,0.0032
1996-08-01,0,0.0032
1996-08-02,0,0.0038
1996-08-03,0,0.0042
1996-08-04,0,0.0036
1996-08-05,0.0004,0.0038
1996-08-06,0.0025,0.0036
1996-08-07,0,0.0046
1996-08-08,0.0048,0.0008
1996-08-09,0.0037,0.0016
1996-08-10,0,0.0016
1996-08-11,0,0.003
1996-08-12,0,0.003
1996-08-13,0,0.0032
1996-08-14,0,0.0034
1996-08-15,0,0.003
1996-08-16,0,0.004
1996-08-17,0,0.0036
1996-08-18,0,0.004
1996-08-19,0.0019,0.0058
1996-08-20,0,0.004
1996-08-21,0,0.0034
1996-08-22,0,0.0036
1996-08-23,0,0.004
1996-08-24,0,0.0052
1996-08-25,0,0.0042
1996-08-26,0,0.0044
1996-08-27,0,0.0044
1996-08-28,0,0.0036
1996-08-29,0,0.0046
1996-08-30,0.0003,0.003
1996-08-31,0.0091,0.0056
1996-09-01,0,0.0054
1996-09-02,0,0.005
1996-09-03,0,0.0058
1996-09-04,0,0.0044
1996-09-05,0,0.0046
1996-09-06,0,0.0046
1996-09-07,0,0.0052
1996-09-08,0,0.0054
1996-09-09,0,0.007
1996-09-10,0,0.0084
1996-09-11,0,0.0062
1996-09-12,0,0.009
1996-09-13,0,0.009
1996-09-14,0,0.0054
1996-09-15,0,0.0056
1996-09-16,0,0.0054
1996-09-17,0,0.0054
1996-09-18,0,0.006
1996-09-19,0.0001,0.0074
1996-09-20,0,0.0038
1996-09-21,0.0159,0.0042
1996-09-22,0.0013,0.0056
1996-09-23,0,0.0054
1996-09-24,0,0.0056
1996-09-25,0,0.0066
1996-09-26,0,0.0078
1996-09-27,0,0.0068
1996-09-28,0,0.0068
1996-09-29,0.0014,0.0058
1996-09-30,0.0137,0.0058
1996-10-01,0.0446,0.0056
1996-10-02,0,0.0054
1996-10-03,0,0.0076
1996-10-04,0,0.0058
1996-10-05,0,0.0062
1996-10-06,0,0.0056
1996-10-07,0.0045,0.0016
1996-10-08,0.0077,0.0028
1996-10-09,0.0002,0.0042
1996-10-10,0,0.0052
1996-10-11,0,0.0062
1996-10-12,0,0.007
1996-10-13,0,0.0064
1996-10-14,0,0.0078
1996-10-15,0,0.0062
1996-10-16,0,0.0052
1996-10-17,0,0.0054
1996-10-18,0,0.0046
1996-10-19,0,0.0066
1996-10-20,0.0309,0.006
1996-10-21,0,0.0052
1996-10-22,0,0.0066
1996-10-23,0,0.0062
1996-10-24,0,0.006
1996-10-25,0,0.0058
1996-10-26,0,0.006
1996-10-27,0,0.0072
1996-10-28,0,0.0068
1996-10-29,0,0.0078
1996-10-30,0,0.0062
1996-10-31,0.0077,0.0068
1996-11-01,0.0037,0.007
1996-11-02,0,0.0068
1996-11-03,0,0.0068
1996-11-04,0,0.0064
1996-11-05,0,0.007
1996-11-06,0.0127,0.0046
1996-11-07,0.0065,0.0072
1996-11-08,0,0.008
1996-11-09,0,0.006
1996-11-10,0,0.0092
1996-11-11,0.0011,0.0076
1996-11-12,0,0.0082
1996-11-13,0,0.0088
1996-11-14,0,0.0106
1996-11-15,0,0.0092
1996-11-16,0,0.0104
1996-11-17,0,0.0108
1996-11-18,0,0.0084
1996-11-19,0,0.01
1996-11-20,0,0.008
1996-11-21,0.0096,0.0048
1996-11-22,0,0.0084
1996-11-23,0.0001,0.008
1996-11-24,0,0.009
1996-11-25,0,0.0084
1996-11-26,0,0.009
1996-11-27,0,0.009
1996-11-28,0,0.0114
1996-11-29,0,0.0128
1996-11-30,0,0.011
1996-12-01,0,0.0106
1996-12-02,0,0.0098
1996-12-03,0,0.0086
1996-12-04,0.0483,0.0048
1996-12-05,0.0107,0.006
1996-12-06,0,0.0072
1996-12-07,0.0003,0.0032
1996-12-08,0.0112,0.0042
1996-12-09,0.005,0.0064
1996-12-10,0.0099,0.0062
1996-12-11,0.0006,0.0046
1996-12-12,0.0049,0.0058
1996-12-13,0.0228,0.0078
1996-12-14,0,0.0058
1996-12-15,0.0004,0.0042
1996-12-16,0,0.0064
1996-12-17,0,0.0074
1996-12-18,0,0.0072
1996-12-19,0.0092,0.0052
1996-12-20,0,0.0082
1996-12-21,0,0.0068
1996-12-22,0,0.0066
1996-12-23,0,0.0068
1996-12-24,0,0.0076
1996-12-25,0,0.007
1996-12-26,0,0.0062
1996-12-27,0,0.0076
1996-12-28,0,0.0078
1996-12-29,0,0.0074
1996-12-30,0,0.0086
1996-12-31,0.0031,0.005
1997-01-01,0.0018,0.0046
1997-01-02,0,0.0056
1997-01-03,0.0021,0.0048
1997-01-04,0,0.0066
1997-01-05,0,0.0062
1997-01-06,0.0002,0.0048
1997-01-07,0.0001,0.0066
1997-01-08,0,0.0084
1997-01-09,0,0.0084
1997-01-10,0,0.0078
1997-01-11,0,0.007
1997-01-12,0,0.0056
1997-01-13,0,0.0072
1997-01-14,0,0.0078
1997-01-15,0,0.0074
1997-01-16,0,0.0084
1997-01-17,0,0.0078
1997-01-18,0,0.0086
1997-01-19,0,0.0066
1997-01-20,0,0.0072
1997-01-21,0,0.007
1997-01-22,0,0.008
1997-01-23,0,0.0088
1997-01-24,0,0.0098
1997-01-25,0,0.0068
1997-01-26,0.0007,0.0044
1997-01-27,0.0064,0.0072
1997-01-28,0,0.0058
1997-01-29,0,0.0056
1997-01-30,0,0.0058
1997-01-31,0.0003,0.0076
1997-02-01,0,0.007
1997-02-02,0,0.0086
1997-02-03,0.0039,0.0026
1997-02-04,0.0004,0.0066
1997-02-05,0,0.0062
1997-02-06,0,0.0076
1997-02-07,0,0.0078
1997-02-08,0,0.0066
1997-02-09,0,0.0062
1997-02-10,0,0.0062
1997-02-11,0.0001,0.0076
1997-02-12,0,0.0056
1997-02-13,0,0.0068
1997-02-14,0,0.0078
1997-02-15,0,0.0066
1997-02-16,0,0.0076
1997-02-17,0,0.006
1997-02-18,0.0502,0.0052
1997-02-19,0.0077,0.008
1997-02-20,0.0001,0.0076
1997-02-21,0,0.0072
1997-02-22,0,0.0072
1997-02-23,0,0.0074
1997-02-24,0,0.0052
1997-02-25,0,0.005
1997-02-26,0.0007,0.0068
1997-02-27,0.0558,0.0064
1997-02-28,0.02,0.0064
1997-03-01,0,0.0062
1997-03-02,0,0.0068
1997-03-03,0,0.006
1997-03-04,0,0.0036
1997-03-05,0.0112,0.003
1997-03-06,0.0481,0.0032
1997-03-07,0.0025,0.0054
1997-03-08,0,0.0064
1997-03-09,0,0.0058
1997-03-10,0,0.0064
1997-03-11,0.0002,0.0056
1997-03-12,0.0003,0.0058
1997-03-13,0,0.0062
1997-03-14,0,0.0064
1997-03-15,0,0.0066
1997-03-16,0,0.0064
1997-03-17,0,0.0066
1997-03-18,0,0.0066
1997-03-19,0,0.0056
1997-03-20,0,0.0048
1997-03-21,0,0.0058
1997-03-22,0,0.0072
1997-03-23,0.0108,0.001
1997-03-24,0.0483,0.0016
1997-03-25,0.0132,0.0038
1997-03-26,0.0001,0.0046
1997-03-27,0.0002,0.0046
1997-03-28,0,0.0046
1997-03-29,0,0.0052
1997-03-30,0,0.0046
1997-03-31,0,0.0048
1997-04-01,0.0056,0.0044
1997-04-02,0,0.0044
1997-04-03,0,0.0046
1997-04-04,0,0.0036
1997-04-05,0.0032,0.0044
1997-04-06,0,0.0046
1997-04-07,0,0.0062
1997-04-08,0,0.0048
1997-04-09,0,0.0046
1997-04-10,0,0.0046
1997-04-11,0,0.0044
1997-04-12,0,0.0058
1997-04-13,0,0.004
1997-04-14,0,0.0046
1997-04-15,0,0.0048
1997-04-16,0,0.004
1997-04-17,0,0.0044
1997-04-18,0,0.0042
1997-04-19,0,0.0044
1997-04-20,0,0.0034
1997-04-21,0.001,0.0038
1997-04-22,0,0.0044
1997-04-23,0,0.0056
1997-04-24,0,0.004
1997-04-25,0,0.0036
1997-04-26,0,0.0046
1997-04-27,0,0.0038
1997-04-28,0.0009,0.0038
1997-04-29,0,0.0042
1997-04-30,0.0007,0.0036
1997-05-01,0,0.0044
1997-05-02,0.0002,0.0044
1997-05-03,0.0017,0.0032
1997-05-04,0.0001,0.0032
1997-05-05,0.0037,0.0026
1997-05-06,0.002,0.0028
1997-05-07,0,0.0022
1997-05-08,0.0136,0.0034
1997-05-09,0,0.0048
1997-05-10,0,0.0046
1997-05-11,0,0.004
1997-05-12,0,0.004
1997-05-13,0,0.0042
1997-05-14,0,0.0026
1997-05-15,0.0002,0.003
1997-05-16,0.0028,0.0014
1997-05-17,0.0109,0.0014
1997-05-18,0,0.0028
1997-05-19,0,0.0028
1997-05-20,0,0.0034
1997-05-21,0,0.0026
1997-05-22,0,0.0018
1997-05-23,0,0.0028
1997-05-24,0.0215,0.0012
1997-05-25,0.0001,0.003
1997-05-26,0,0.0034
1997-05-27,0,0.0022
1997-05-28,0,0.002
1997-05-29,0,0.0028
1997-05-30,0,0.0038
1997-05-31,0.0014,0.004
1997-06-01,0,0.003
1997-06-02,0,0.0024
1997-06-03,0,0.0022
1997-06-04,0,0.0014
1997-06-05,0.0003,0.0024
1997-06-06,0,0.0018
1997-06-07,0,0.002
1997-06-08,0,0.003
1997-06-09,0,0.003
1997-06-10,0,0.0024
1997-06-11,0,0.0028
1997-06-12,0,0.0028
1997-06-13,0,0.0012
1997-06-14,0.0003,0.0028
1997-06-15,0,0.0038
1997-06-16,0,0.0032
1997-06-17,0,0.0036
1997-06-18,0,0.0024
1997-06-19,0,0.0024
1997-06-20,0,0.0028
1997-06-21,0.0001,0.0042
1997-06-22,0,0.0018
1997-06-23,0.0002,0.0026
1997-06-24,0,0.003
1997-06-25,0,0.0026
1997-06-26,0,0.0026
1997-06-27,0,0.0028
1997-06-28,0,0.004
1997-06-29,0,0.0024
1997-06-30,0,0.0022
1997-07-01,0.0001,0.002
1997-07-02,0.0032,0.0016
1997-07-03,0,0.003
1997-07-04,0,0.0026
1997-07-05,0.0002,0.0012
1997-07-06,0.0061,0.0026
1997-07-07,0,0.0022
1997-07-08,0,0.0026
1997-07-09,0,0.0022
1997-07-10,0,0.0038
1997-07-11,0,0.0028
1997-07-12,0,0.002
1997-07-13,0.0085,0.001
1997-07-14,0,0.0024
1997-07-15,0,0.0022
1997-07-16,0,0.004
1997-07-17,0,0.0028
1997-07-18,0,0.0036
1997-07-19,0,0.004
1997-07-20,0,0.0038
1997-07-21,0,0.0026
1997-07-22,0,0.0036
1997-07-23,0,0.0038
1997-07-24,0,0.0028
1997-07-25,0,0.0022
1997-07-26,0.0043,0.0022
1997-07-27,0,0.0044
1997-07-28,0,0.0034
1997-07-29,0,0.0034
1997-07-30,0,0.0024
1997-07-31,0,0.0028
1997-08-01,0,0.0036
1997-08-02,0,0.0036
1997-08-03,0,0.004
1997-08-04,0.0005,0.0024
1997-08-05,0.0001,0.0026
1997-08-06,0,0.003
1997-08-07,0,0.0026
1997-08-08,0,0.0018
1997-08-09,0.0067,0.0044
1997-08-10,0.0007,0.004
1997-08-11,0,0.0034
1997-08-12,0,0.0048
1997-08-13,0,0.0038
1997-08-14,0,0.0032
1997-08-15,0,0.0032
1997-08-16,0,0.0038
1997-08-17,0,0.0034
1997-08-18,0,0.0032
1997-08-19,0,0.0046
1997-08-20,0,0.004
1997-08-21,0,0.0034
1997-08-22,0,0.0036
1997-08-23,0,0.004
1997-08-24,0,0.0056
1997-08-25,0,0.0048
1997-08-26,0,0.0046
1997-08-27,0,0.0042
1997-08-28,0,0.0038
1997-08-29,0,0.0038
1997-08-30,0,0.0054
1997-08-31,0,0.0064
1997-09-01,0.0005,0.0044
1997-09-02,0,0.0014
1997-09-03,0.0004,0.003
1997-09-04,0.0028,0.004
1997-09-05,0,0.0072
1997-09-06,0,0.0062
1997-09-07,0,0.0058
1997-09-08,0,0.0072
1997-09-09,0,0.0064
1997-09-10,0,0.0052
1997-09-11,0,0.0048
1997-09-12,0.0039,0.0062
1997-09-13,0,0.0044
1997-09-14,0,0.0056
1997-09-15,0,0.006
1997-09-16,0,0.0048
1997-09-17,0,0.0058
1997-09-18,0,0.006
1997-09-19,0,0.0052
1997-09-20,0,0.0064
1997-09-21,0,0.0062
1997-09-22,0,0.0066
1997-09-23,0,0.0044
1997-09-24,0.0025,0.006
1997-09-25,0.0195,0.0046
1997-09-26,0.0003,0.0056
1997-09-27,0.0026,0.006
1997-09-28,0.0005,0.0038
1997-09-29,0.0016,0.0054
1997-09-30,0.0002,0.0058
1997-10-01,0,0.0056
1997-10-02,0,0.0068
1997-10-03,0,0.0076
1997-10-04,0,0.008
1997-10-05,0,0.0056
1997-10-06,0,0.0044
1997-10-07,0,0.0036
1997-10-08,0.0024,0.0076
1997-10-09,0,0.0076
1997-10-10,0,0.0062
1997-10-11,0,0.0066
1997-10-12,0,0.0074
1997-10-13,0,0.0086
1997-10-14,0,0.0044
1997-10-15,0,0.0046
1997-10-16,0.0048,0.0058
1997-10-17,0.0167,0.0062
1997-10-18,0,0.0072
1997-10-19,0,0.0058
1997-10-20,0.0014,0.004
1997-10-21,0,0.0058
1997-10-22,0,0.0064
1997-10-23,0,0.0062
1997-10-24,0,0.0058
1997-10-25,0,0.0052
1997-10-26,0,0.0064
1997-10-27,0,0.0076
1997-10-28,0,0.0078
1997-10-29,0,0.0074
1997-10-30,0.0026,0.0062
1997-10-31,0,0.008
1997-11-01,0,0.0074
1997-11-02,0,0.0072
1997-11-03,0,0.0044
1997-11-04,0,0.0042
1997-11-05,0.0056,0.0036
1997-11-06,0.0154,0.0054
1997-11-07,0.0001,0.0064
1997-11-08,0,0.008
1997-11-09,0,0.0078
1997-11-10,0,0.0068
1997-11-11,0.0014,0.0078
1997-11-12,0.0136,0.0078
1997-11-13,0.0054,0.0076
1997-11-14,0.0008,0.0084
1997-11-15,0.0005,0.0068
1997-11-16,0.0014,0.0054
1997-11-17,0,0.0064
1997-11-18,0,0.0104
1997-11-19,0.0237,0.0058
1997-11-20,0.0692,0.0024
1997-11-21,0.0004,0.007
1997-11-22,0,0.007
1997-11-23,0,0.0068
1997-11-24,0,0.0068
1997-11-25,0,0.008
1997-11-26,0,0.0078
1997-11-27,0,0.0074
1997-11-28,0,0.0078
1997-11-29,0.0011,0.0066
1997-11-30,0.0002,0.007
1997-12-01,0,0.0066
1997-12-02,0.0057,0.0082
1997-12-03,0,0.01
1997-12-04,0.0037,0.0064
1997-12-05,0,0.0078
1997-12-06,0,0.0064
1997-12-07,0,0.0086
1997-12-08,0,0.0092
1997-12-09,0,0.0078
1997-12-10,0,0.0062
1997-12-11,0.0016,0.0054
1997-12-12,0,0.0062
1997-12-13,0,0.0076
1997-12-14,0,0.005
1997-12-15,0.003,0.0046
1997-12-16,0.0197,0.0056
1997-12-17,0,0.009
1997-12-18,0.0003,0.0096
1997-12-19,0,0.007
1997-12-20,0,0.006
1997-12-21,0.0027,0.0062
1997-12-22,0.0012,0.007
1997-12-23,0.0043,0.0074
1997-12-24,0.0511,0.0058
1997-12-25,0,0.0076
1997-12-26,0.0039,0.0068
1997-12-27,0,0.006
1997-12-28,0.0007,0.0036
1997-12-29,0.0001,0.0046
1997-12-30,0.0004,0.0064
1997-12-31,0,0.006
1998-01-01,0,0.0078
1998-01-02,0,0.0076
1998-01-03,0,0.0076
1998-01-04,0,0.008
1998-01-05,0,0.008
1998-01-06,0,0.0088
1998-01-07,0,0.0082
1998-01-08,0,0.0092
1998-01-09,0,0.0072
1998-01-10,0,0.0068
1998-01-11,0.0004,0.0046
1998-01-12,0,0.0058
1998-01-13,0.0007,0.0076
1998-01-14,0.0006,0.0072
1998-01-15,0.0003,0.0048
1998-01-16,0,0.009
1998-01-17,0.0002,0.008
1998-01-18,0,0.007
1998-01-19,0,0.0088
1998-01-20,0,0.0082
1998-01-21,0,0.009
1998-01-22,0,0.0098
1998-01-23,0,0.0104
1998-01-24,0,0.008
1998-01-25,0,0.0082
1998-01-26,0,0.0086
1998-01-27,0,0.0098
1998-01-28,0,0.0094
1998-01-29,0.0341,0.0048
1998-01-30,0.0337,0.007
1998-01-31,0.0063,0.006
1998-02-01,0.0005,0.0072
1998-02-02,0,0.0068
1998-02-03,0,0.0072
1998-02-04,0.0067,0.0072
1998-02-05,0,0.008
1998-02-06,0,0.0078
1998-02-07,0,0.0066
1998-02-08,0.0001,0.0064
1998-02-09,0,0.0074
1998-02-10,0,0.0062
1998-02-11,0.0004,0.0052
1998-02-12,0.0025,0.0054
1998-02-13,0.0333,0.0032
1998-02-14,0.0015,0.0042
1998-02-15,0.0013,0.0058
1998-02-16,0.0056,0.005
1998-02-17,0.0066,0.0066
1998-02-18,0,0.0072
1998-02-19,0,0.0068
1998-02-20,0,0.0066
1998-02-21,0,0.006
1998-02-22,0.0026,0.0066
1998-02-23,0,0.008
1998-02-24,0,0.0076
1998-02-25,0,0.0068
1998-02-26,0,0.005
1998-02-27,0,0.0074
1998-02-28,0,0.006
1998-03-01,0,0.0056
1998-03-02,0,0.0056
1998-03-03,0,0.0062
1998-03-04,0,0.0048
1998-03-05,0,0.008
1998-03-06,0,0.0068
1998-03-07,0,0.0084
1998-03-08,0,0.0064
1998-03-09,0.0002,0.0058
1998-03-10,0,0.0064
1998-03-11,0,0.0056
1998-03-12,0,0.0068
1998-03-13,0,0.0074
1998-03-14,0,0.0074
1998-03-15,0,0.0076
1998-03-16,0,0.0064
1998-03-17,0,0.0068
1998-03-18,0,0.007
1998-03-19,0,0.0062
1998-03-20,0,0.0078
1998-03-21,0,0.0062
1998-03-22,0,0.0064
1998-03-23,0,0.005
1998-03-24,0,0.0066
1998-03-25,0,0.0074
1998-03-26,0,0.0068
1998-03-27,0,0.006
1998-03-28,0,0.0064
1998-03-29,0,0.007
1998-03-30,0,0.0074
1998-03-31,0,0.007
1998-04-01,0,0.0058
1998-04-02,0.0004,0.0046
1998-04-03,0.0054,0.0012
1998-04-04,0.0026,0.0074
1998-04-05,0,0.0058
1998-04-06,0,0.0064
1998-04-07,0,0.0058
1998-04-08,0,0.0056
1998-04-09,0,0.0058
1998-04-10,0,0.0046
1998-04-11,0,0.0058
1998-04-12,0,0.006
1998-04-13,0,0.0036
1998-04-14,0.0024,0.0052
1998-04-15,0.003,0.0014
1998-04-16,0.0125,0.0026
1998-04-17,0.0308,0.0024
1998-04-18,0.0017,0.0032
1998-04-19,0,0.0042
1998-04-20,0,0.0042
1998-04-21,0,0.0046
1998-04-22,0,0.0034
1998-04-23,0.0049,0.003
1998-04-24,0.0026,0.004
1998-04-25,0,0.0042
1998-04-26,0,0.0042
1998-04-27,0,0.0042
1998-04-28,0,0.0032
1998-04-29,0,0.0038
1998-04-30,0,0.003
1998-05-01,0,0.0022
1998-05-02,0.0035,0.0036
1998-05-03,0.046,0.0026
1998-05-04,0.002,0.003
1998-05-05,0.0081,0.0022
1998-05-06,0,0.004
1998-05-07,0,0.003
1998-05-08,0,0.0024
1998-05-09,0,0.0034
1998-05-10,0,0.0038
1998-05-11,0,0.0028
1998-05-12,0,0.003
1998-05-13,0,0.0024
1998-05-14,0,0.0024
1998-05-15,0,0.0026
1998-05-16,0.0057,0.0018
1998-05-17,0.0002,0.0022
1998-05-18,0,0.0032
1998-05-19,0,0.0036
1998-05-20,0,0.0044
1998-05-21,0,0.0042
1998-05-22,0,0.0034
1998-05-23,0,0.0024
1998-05-24,0,0.003
1998-05-25,0,0.0036
1998-05-26,0,0.0022
1998-05-27,0,0.0028
1998-05-28,0,0.0028
1998-05-29,0,0.0032
1998-05-30,0,0.0026
1998-05-31,0,0.0032
1998-06-01,0,0.0026
1998-06-02,0,0.0022
1998-06-03,0,0.0018
1998-06-04,0,0.0024
1998-06-05,0,0.0032
1998-06-06,0,0.0034
1998-06-07,0,0.0032
1998-06-08,0,0.003
1998-06-09,0,0.0024
1998-06-10,0,0.0022
1998-06-11,0,0.0026
1998-06-12,0,0.002
1998-06-13,0,0.003
1998-06-14,0,0.0024
1998-06-15,0,0.0026
1998-06-16,0.0003,0.0026
1998-06-17,0,0.0028
1998-06-18,0,0.0032
1998-06-19,0,0.003
1998-06-20,0,0.0028
1998-06-21,0,0.002
1998-06-22,0.0006,0.002
1998-06-23,0.0065,0.0034
1998-06-24,0,0.0026
1998-06-25,0,0.0028
1998-06-26,0,0.0028
1998-06-27,0,0.002
1998-06-28,0,0.0022
1998-06-29,0.0002,0.001
1998-06-30,0.0129,0.0032
1998-07-01,0.0002,0.003
1998-07-02,0,0.0024
1998-07-03,0,0.0022
1998-07-04,0.0008,0.0012
1998-07-05,0.0026,0.0016
1998-07-06,0,0.0022
1998-07-07,0,0.0026
1998-07-08,0,0.003
1998-07-09,0,0.0038
1998-07-10,0,0.0036
1998-07-11,0,0.001
1998-07-12,0,0.0016
1998-07-13,0,0.0022
1998-07-14,0,0.0036
1998-07-15,0,0.0032
1998-07-16,0,0.0024
1998-07-17,0,0.0032
1998-07-18,0,0.0018
1998-07-19,0.0005,0.0032
1998-07-20,0,0.0028
1998-07-21,0,0.0034
1998-07-22,0.0024,0.0028
1998-07-23,0,0.0032
1998-07-24,0,0.0042
1998-07-25,0,0.0026
1998-07-26,0,0.0026
1998-07-27,0.0019,0.0042
1998-07-28,0,0.0036
1998-07-29,0.0005,0.0036
1998-07-30,0,0.0034
1998-07-31,0,0.0038
1998-08-01,0,0.003
1998-08-02,0,0.0032
1998-08-03,0.0002,0.0018
1998-08-04,0.001,0.003
1998-08-05,0.0053,0.0014
1998-08-06,0.0094,0.0034
1998-08-07,0,0.0042
1998-08-08,0,0.0042
1998-08-09,0,0.0046
1998-08-10,0,0.0032
1998-08-11,0,0.004
1998-08-12,0,0.0032
1998-08-13,0,0.0034
1998-08-14,0,0.0036
1998-08-15,0,0.0026
1998-08-16,0,0.003
1998-08-17,0,0.0032
1998-08-18,0,0.0036
1998-08-19,0,0.004
1998-08-20,0,0.004
1998-08-21,0,0.0034
1998-08-22,0,0.0034
1998-08-23,0,0.0038
1998-08-24,0.0214,0.004
1998-08-25,0,0.0034
1998-08-26,0,0.0036
1998-08-27,0.0009,0.0034
1998-08-28,0.0161,0.0034
1998-08-29,0.0006,0.0018
1998-08-30,0.0006,0.0028
1998-08-31,0.0005,0.0022
1998-09-01,0.0019,0.0018
1998-09-02,0.0013,0.0034
1998-09-03,0,0.0036
1998-09-04,0,0.0052
1998-09-05,0,0.0046
1998-09-06,0,0.0038
1998-09-07,0,0.0034
1998-09-08,0.0018,0.0046
1998-09-09,0.0002,0.0046
1998-09-10,0.001,0.0026
1998-09-11,0.0589,0.0016
1998-09-12,0,0.004
1998-09-13,0,0.0042
1998-09-14,0,0.0052
1998-09-15,0.013,0.0046
1998-09-16,0,0.0048
1998-09-17,0,0.0054
1998-09-18,0,0.0046
1998-09-19,0,0.0042
1998-09-20,0,0.0046
1998-09-21,0,0.0024
1998-09-22,0.0023,0.0048
1998-09-23,0,0.0028
1998-09-24,0.0028,0.004
1998-09-25,0.0457,0.0022
1998-09-26,0.0019,0.0018
1998-09-27,0.0019,0.0034
1998-09-28,0.0023,0.0042
1998-09-29,0,0.0046
1998-09-30,0,0.0056
1998-10-01,0,0.0052
1998-10-02,0,0.0056
1998-10-03,0,0.0046
1998-10-04,0,0.006
1998-10-05,0,0.0056
1998-10-06,0,0.0064
1998-10-07,0,0.0046
1998-10-08,0.0002,0.005
1998-10-09,0,0.003
1998-10-10,0.0217,0.0046
1998-10-11,0,0.007
1998-10-12,0,0.0052
1998-10-13,0.0008,0.0048
1998-10-14,0.0001,0.0068
1998-10-15,0,0.0058
1998-10-16,0,0.0072
1998-10-17,0,0.0056
1998-10-18,0,0.0074
1998-10-19,0,0.0068
1998-10-20,0,0.0074
1998-10-21,0.0037,0.0018
1998-10-22,0.0046,0.0018
1998-10-23,0,0.0058
1998-10-24,0,0.0058
1998-10-25,0.0028,0.0008
1998-10-26,0.0331,0.004
1998-10-27,0,0.0062
1998-10-28,0.0045,0.0064
1998-10-29,0.0002,0.0072
1998-10-30,0,0.0052
1998-10-31,0.0021,0.0022
1998-11-01,0.0002,0.0042
1998-11-02,0,0.0048
1998-11-03,0.0002,0.0066
1998-11-04,0,0.007
1998-11-05,0,0.0066
1998-11-06,0,0.0062
1998-11-07,0,0.007
1998-11-08,0,0.0074
1998-11-09,0,0.0074
1998-11-10,0,0.0072
1998-11-11,0,0.0046
1998-11-12,0,0.0022
1998-11-13,0.0039,0.0038
1998-11-14,0.0154,0.0058
1998-11-15,0.0001,0.0076
1998-11-16,0,0.0074
1998-11-17,0,0.0072
1998-11-18,0,0.0064
1998-11-19,0.0107,0.0072
1998-11-20,0,0.0048
1998-11-21,0,0.0046
1998-11-22,0,0.007
1998-11-23,0.0024,0.0064
1998-11-24,0,0.008
1998-11-25,0.0487,0.0078
1998-11-26,0.0287,0.0062
1998-11-27,0,0.0062
1998-11-28,0,0.0038
1998-11-29,0.0002,0.0052
1998-11-30,0.003,0.006
1998-12-01,0.0051,0.007
1998-12-02,0,0.0074
1998-12-03,0,0.006
1998-12-04,0,0.0068
1998-12-05,0,0.0066
1998-12-06,0,0.0054
1998-12-07,0.0047,0.0064
1998-12-08,0,0.0064
1998-12-09,0.0001,0.007
1998-12-10,0,0.0056
1998-12-11,0,0.0074
1998-12-12,0,0.0044
1998-12-13,0,0.0034
1998-12-14,0.0001,0.0072
1998-12-15,0,0.0074
1998-12-16,0.0014,0.007
1998-12-17,0,0.0084
1998-12-18,0,0.0118
1998-12-19,0.0238,0.0082
1998-12-20,0,0.0082
1998-12-21,0.0052,0.007
1998-12-22,0.0001,0.0078
1998-12-23,0,0.0074
1998-12-24,0,0.0068
1998-12-25,0,0.008
1998-12-26,0,0.0076
1998-12-27,0,0.0086
1998-12-28,0,0.0086
1998-12-29,0,0.0072
1998-12-30,0.0315,0.0048
1998-12-31,0.0046,0.0044
1999-01-01,0.0053,0.0024
1999-01-02,0.0022,0.0036
1999-01-03,0.0403,0.0014
1999-01-04,0.0023,0.0024
1999-01-05,0.0037,0.0058
1999-01-06,0.0006,0.0066
1999-01-07,0,0.0056
1999-01-08,0,0.0058
1999-01-09,0,0.0068
1999-01-10,0.0006,0.005
1999-01-11,0.0147,0.0054
1999-01-12,0.0093,0.0066
1999-01-13,0.0065,0.0056
1999-01-14,0.0008,0.008
1999-01-15,0,0.0068
1999-01-16,0,0.0068
1999-01-17,0,0.0058
1999-01-18,0,0.0054
1999-01-19,0.0002,0.0062
1999-01-20,0,0.0072
1999-01-21,0,0.0076
1999-01-22,0,0.0074
1999-01-23,0,0.0072
1999-01-24,0,0.0078
1999-01-25,0,0.0078
1999-01-26,0.0019,0.0052
1999-01-27,0.0031,0.006
1999-01-28,0.0002,0.0048
1999-01-29,0.0116,0.0074
1999-01-30,0,0.008
1999-01-31,0.0132,0.0066
1999-02-01,0.0008,0.004
1999-02-02,0.0049,0.0066
1999-02-03,0.0076,0.0056
1999-02-04,0.0019,0.006
1999-02-05,0,0.0058
1999-02-06,0,0.005
1999-02-07,0.004,0.0034
1999-02-08,0.0207,0.0036
1999-02-09,0.0083,0.0048
1999-02-10,0.0264,0.0062
1999-02-11,0.0025,0.0066
1999-02-12,0.0011,0.0064
1999-02-13,0.0001,0.0058
1999-02-14,0,0.0068
1999-02-15,0,0.0062
1999-02-16,0,0.0058
1999-02-17,0,0.0074
1999-02-18,0,0.008
1999-02-19,0,0.0084
1999-02-20,0,0.0072
1999-02-21,0,0.0074
1999-02-22,0,0.0074
1999-02-23,0,0.0056
1999-02-24,0,0.0028
1999-02-25,0.0085,0.0014
1999-02-26,0.0078,0.0034
1999-02-27,0.0083,0.0026
1999-02-28,0.0062,0.0028
1999-03-01,0.0142,0.004
1999-03-02,0,0.0058
1999-03-03,0,0.0062
1999-03-04,0.0275,0.0026
1999-03-05,0.0181,0.005
1999-03-06,0.0215,0.0052
1999-03-07,0.0005,0.0044
1999-03-08,0,0.0062
1999-03-09,0,0.0052
1999-03-10,0,0.005
1999-03-11,0,0.0068
1999-03-12,0,0.0068
1999-03-13,0,0.0068
1999-03-14,0,0.0056
1999-03-15,0,0.0062
1999-03-16,0,0.006
1999-03-17,0,0.0064
1999-03-18,0,0.0062
1999-03-19,0,0.0044
1999-03-20,0.0008,0.0034
1999-03-21,0.0097,0.0026
1999-03-22,0.0044,0.0052
1999-03-23,0.0028,0.005
1999-03-24,0.0001,0.0046
1999-03-25,0,0.0052
1999-03-26,0,0.005
1999-03-27,0,0.0056
1999-03-28,0,0.0056
1999-03-29,0,0.005
1999-03-30,0,0.0044
1999-03-31,0,0.0046
1999-04-01,0,0.004
1999-04-02,0,0.0036
1999-04-03,0,0.0016
1999-04-04,0.0001,0.0038
1999-04-05,0,0.0042
1999-04-06,0.0027,0.0058
1999-04-07,0,0.0052
1999-04-08,0,0.0048
1999-04-09,0,0.0036
1999-04-10,0,0.0052
1999-04-11,0,0.005
1999-04-12,0,0.0048
1999-04-13,0,0.005
1999-04-14,0,0.005
1999-04-15,0,0.0062
1999-04-16,0,0.005
1999-04-17,0,0.0026
1999-04-18,0,0.004
1999-04-19,0,0.0042
1999-04-20,0,0.004
1999-04-21,0,0.004
1999-04-22,0,0.0054
1999-04-23,0,0.0028
1999-04-24,0,0.005
1999-04-25,0,0.0046
1999-04-26,0,0.0032
1999-04-27,0,0.0056
1999-04-28,0,0.0052
1999-04-29,0,0.0042
1999-04-30,0,0.0042
1999-05-01,0,0.0032
1999-05-02,0,0.0042
1999-05-03,0,0.0046
1999-05-04,0,0.0044
1999-05-05,0,0.0046
1999-05-06,0.0004,0.0048
1999-05-07,0,0.004
1999-05-08,0.0065,0.0026
1999-05-09,0,0.0034
1999-05-10,0.0018,0.0018
1999-05-11,0.0014,0.002
1999-05-12,0,0.003
1999-05-13,0,0.0052
1999-05-14,0,0.0038
1999-05-15,0,0.003
1999-05-16,0,0.0032
1999-05-17,0,0.0046
1999-05-18,0,0.003
1999-05-19,0,0.0022
1999-05-20,0.0008,0.0038
1999-05-21,0,0.0032
1999-05-22,0.0059,0.0026
1999-05-23,0.0008,0.0038
1999-05-24,0,0.0032
1999-05-25,0,0.003
1999-05-26,0,0.003
1999-05-27,0,0.0038
1999-05-28,0,0.0036
1999-05-29,0,0.004
1999-05-30,0,0.0034
1999-05-31,0,0.0036
1999-06-01,0,0.0042
1999-06-02,0,0.0036
1999-06-03,0,0.0032
1999-06-04,0,0.004
1999-06-05,0,0.0022
1999-06-06,0.004,0.0028
1999-06-07,0,0.0026
1999-06-08,0,0.0028
1999-06-09,0,0.0038
1999-06-10,0.0051,0.0018
1999-06-11,0.0065,0.0038
1999-06-12,0,0.0024
1999-06-13,0,0.003
1999-06-14,0,0.004
1999-06-15,0,0.0034
1999-06-16,0,0.0034
1999-06-17,0,0.0026
1999-06-18,0,0.0028
1999-06-19,0,0.0036
1999-06-20,0,0.003
1999-06-21,0,0.0018
1999-06-22,0,0.0034
1999-06-23,0,0.0034
1999-06-24,0,0.0008
1999-06-25,0.007,0.003
1999-06-26,0,0.002
1999-06-27,0,0.0012
1999-06-28,0.0218,0.0008
1999-06-29,0.0156,0.0018
1999-06-30,0.0003,0.004
1999-07-01,0.0125,0.0032
1999-07-02,0.0006,0.0028
1999-07-03,0,0.002
1999-07-04,0,0.0022
1999-07-05,0,0.0022
1999-07-06,0,0.0028
1999-07-07,0,0.003
1999-07-08,0,0.0028
1999-07-09,0,0.0018
1999-07-10,0.002,0.0028
1999-07-11,0.0004,0.002
1999-07-12,0,0.0018
1999-07-13,0.0002,0.0038
1999-07-14,0,0.0036
1999-07-15,0,0.0026
1999-07-16,0,0.0034
1999-07-17,0,0.002
1999-07-18,0,0.0026
1999-07-19,0,0.0028
1999-07-20,0,0.0036
1999-07-21,0,0.0038
1999-07-22,0,0.0032
1999-07-23,0,0.0024
1999-07-24,0.0108,0.0014
1999-07-25,0.0139,0.0022
1999-07-26,0,0.003
1999-07-27,0,0.0032
1999-07-28,0,0.003
1999-07-29,0.0012,0.0028
1999-07-30,0,0.0024
1999-07-31,0,0.0028
1999-08-01,0,0.0026
1999-08-02,0.0001,0.0026
1999-08-03,0,0.0024
1999-08-04,0,0.0036
1999-08-05,0,0.0034
1999-08-06,0,0.0036
1999-08-07,0,0.0034
1999-08-08,0.0011,0.0024
1999-08-09,0,0.0026
1999-08-10,0,0.002
1999-08-11,0,0.0034
1999-08-12,0,0.0032
1999-08-13,0,0.004
1999-08-14,0,0.0052
1999-08-15,0,0.004
1999-08-16,0,0.0036
1999-08-17,0,0.0034
1999-08-18,0,0.003
1999-08-19,0,0.0026
1999-08-20,0,0.0034
1999-08-21,0,0.0034
1999-08-22,0,0.0046
1999-08-23,0,0.0042
1999-08-24,0,0.002
1999-08-25,0.0001,0.0036
1999-08-26,0,0.0034
1999-08-27,0,0.0034
1999-08-28,0.0045,0.0032
1999-08-29,0,0.0026
1999-08-30,0.0048,0.0038
1999-08-31,0.0114,0.0038
1999-09-01,0.0052,0.0044
1999-09-02,0,0.0034
1999-09-03,0.0005,0.0038
1999-09-04,0,0.0038
1999-09-05,0,0.0038
1999-09-06,0,0.0038
1999-09-07,0,0.0048
1999-09-08,0,0.0042
1999-09-09,0,0.0034
1999-09-10,0,0.0046
1999-09-11,0.0001,0.0032
1999-09-12,0,0.0052
1999-09-13,0,0.0044
1999-09-14,0,0.005
1999-09-15,0,0.0058
1999-09-16,0,0.0058
1999-09-17,0,0.0066
1999-09-18,0,0.006
1999-09-19,0,0.0052
1999-09-20,0,0.0058
1999-09-21,0,0.0062
1999-09-22,0,0.0048
1999-09-23,0,0.0054
1999-09-24,0,0.0066
1999-09-25,0,0.0068
1999-09-26,0,0.0052
1999-09-27,0,0.007
1999-09-28,0,0.0058
1999-09-29,0.0034,0.006
1999-09-30,0.0053,0.0034
1999-10-01,0.0039,0.0044
1999-10-02,0.0014,0.0044
1999-10-03,0.0003,0.0032
1999-10-04,0.0012,0.0044
1999-10-05,0.0152,0.006
1999-10-06,0,0.0072
1999-10-07,0,0.005
1999-10-08,0,0.005
1999-10-09,0,0.0068
1999-10-10,0,0.007
1999-10-11,0,0.0076
1999-10-12,0,0.0072
1999-10-13,0,0.0076
1999-10-14,0,0.0056
1999-10-15,0.0036,0.0068
1999-10-16,0,0.006
1999-10-17,0,0.0072
1999-10-18,0,0.007
1999-10-19,0,0.0074
1999-10-20,0,0.0056
1999-10-21,0.0056,0.0038
1999-10-22,0,0.0034
1999-10-23,0.0053,0.0038
1999-10-24,0.01,0.006
1999-10-25,0.0012,0.0066
1999-10-26,0,0.0054
1999-10-27,0,0.0118
1999-10-28,0.0322,0.0068
1999-10-29,0.0003,0.0068
1999-10-30,0,0.0072
1999-10-31,0,0.0034
1999-11-01,0.002,0.0066
1999-11-02,0.0113,0.0038
1999-11-03,0.0002,0.0062
1999-11-04,0,0.006
1999-11-05,0,0.0058
1999-11-06,0.0022,0.0034
1999-11-07,0.0006,0.0044
1999-11-08,0.0006,0.0066
1999-11-09,0.0195,0.006
1999-11-10,0,0.0068
1999-11-11,0,0.0058
1999-11-12,0,0.0046
1999-11-13,0,0.007
1999-11-14,0,0.007
1999-11-15,0,0.0078
1999-11-16,0,0.0066
1999-11-17,0.0057,0.0076
1999-11-18,0,0.0044
1999-11-19,0.0027,0.0042
1999-11-20,0,0.0064
1999-11-21,0.0002,0.0058
1999-11-22,0,0.004
1999-11-23,0.0014,0.0036
1999-11-24,0,0.0084
1999-11-25,0.0011,0.0076
1999-11-26,0,0.007
1999-11-27,0,0.0046
1999-11-28,0.0004,0.0054
1999-11-29,0.0009,0.007
1999-11-30,0,0.0052
1999-12-01,0,0.0054
1999-12-02,0,0.007
1999-12-03,0,0.0078
1999-12-04,0,0.0076
1999-12-05,0,0.0092
1999-12-06,0,0.0088
1999-12-07,0,0.008
1999-12-08,0,0.0076
1999-12-09,0,0.0106
1999-12-10,0,0.0084
1999-12-11,0,0.0096
1999-12-12,0.0021,0.0042
1999-12-13,0.0008,0.0064
1999-12-14,0,0.0086
1999-12-15,0,0.0064
1999-12-16,0,0.0072
1999-12-17,0,0.0076
1999-12-18,0.0005,0.0042
1999-12-19,0.0211,0.0054
1999-12-20,0,0.0088
1999-12-21,0,0.0072
1999-12-22,0,0.008
1999-12-23,0,0.0038
1999-12-24,0.0014,0.0048
1999-12-25,0,0.0062
1999-12-26,0,0.0046
1999-12-27,0.0142,0.002
1999-12-28,0.017,0.004
1999-12-29,0.0002,0.007
1999-12-30,0,0.0076
1999-12-31,0,0.01
2000-01-01,0,0.0086
2000-01-02,0.0114,0.0118
2000-01-03,0.0425,0.0038
2000-01-04,0.0004,0.0062
2000-01-05,0.0073,0.0048
